78199805,1999,2327,1983

78200805,1993,2326,1991

78201805,1983,2337,1989

78202805,1981,2325,1984

78203805,1985,2322,1989

78204805,1993,2326,1989

78205805,1989,2325,1978

78217801,1993,2330,1985

78218805,1984,2333,1984

78219805,1994,2320,1999

78220805,1989,2327,1990

78221805,1991,2331,1979

78222805,1989,2350,1990

78223805,1993,2323,1984

78224805,1987,2320,1982

78225805,1994,2334,1985

78236801,1985,2332,1995

78237805,1985,2341,1985

78238805,1989,2329,1979

78239805,1981,2322,1979

78240805,1979,2330,1982

78241805,1985,2335,1983

78242805,1983,2338,1983

78243805,1984,2327,1984

78244805,1985,2320,1983

78256801,1986,2334,1968

78257805,1978,2322,1985

78258805,1994,2330,1990

78259805,1986,2333,1981

78260805,1984,2326,1983

78261805,1991,2329,1986

78262805,1994,2325,1985

78263805,1980,2337,1985

78264805,1985,2336,1998

78276801,1979,2335,1995

78277805,1985,2331,1985

78278805,1997,2323,1985

78279805,1945,2336,1991

78280805,1989,2330,1994

78281805,1997,2320,1983

78282805,1990,2334,1981

78283805,1984,2327,1984

78284805,1981,2331,1987

78295801,1981,2323,1987

78296805,1984,2330,1990

78297805,1985,2333,1982

78298805,1987,2325,1989

78299805,1983,2336,1977

78300805,1979,2335,1983

78301805,1994,2308,1980

78302805,1981,2329,1983

78303805,1987,2322,1985

78315801,1990,2321,1984

78316805,1979,2320,1984

78317805,1990,2329,1986

78318805,1987,2325,1987

78319805,1990,2327,1987

78320805,1982,2321,1985

78321805,1988,2320,1993

78322805,1984,2321,1995

78323805,1987,2327,1984

78335801,1990,2331,1984

78336805,1986,2334,1981

78337805,1986,2332,1990

78338805,2008,2334,1984

78339805,1993,2333,1990

78340805,1984,2329,1982

78341805,1986,2328,1998

78342805,1984,2322,1981

78343805,1989,2321,1986

78354801,1987,2328,1985

78355805,2000,2323,1986

78356805,1991,2332,1989

78357805,1989,2320,1979

78358805,1987,2327,1984

78359805,1989,2322,1984

78360805,1982,2321,1985

78361805,1994,2333,1985

78362805,1981,2326,1977

78374801,1985,2323,1999

78375805,1984,2322,1991

78376805,1986,2333,1991

78377805,1995,2326,1983

78378805,1981,2327,1974

78379805,1988,2336,1978

78380805,1998,2321,1983

78381805,1987,2323,1991

78382805,1992,2334,1983

78394801,1998,2327,1978

78395805,1994,2336,1984

78396805,1985,2320,1990

78397805,2001,2334,1987

78398805,1978,2320,1975

78399805,1981,2338,1985

78400805,1985,2320,1979

78401805,1979,2332,1993

78402805,1991,2326,1993

78413801,1997,2330,1989

78414805,1987,2319,2003

78415805,1984,2320,1995

78416805,1981,2335,1987

78417805,1989,2323,1989

78418805,1985,2325,1994

78419805,1991,2325,1988

78420805,1985,2330,1985

78421805,1987,2337,1982

78433801,1990,2330,2064

78434805,2000,2330,1983

78435805,1994,2322,1983

78436805,1986,2328,1979

78437805,1991,2320,1989

78438805,1986,2320,1991

78439805,1995,2333,1990

78440805,1985,2331,1920

78441805,1995,2323,1979

78453801,1995,2325,1983

78454805,1991,2335,1981

78455805,1987,2329,1987

78456805,1986,2322,1990

78457805,1982,2331,1986

78458805,1991,2319,1984

78459805,1987,2326,1993

78460805,1986,2335,1983

78461805,1985,2330,1981

78473801,1988,2323,1987

78474805,1990,2331,1982

78475805,1985,2330,1981

78476805,1966,2322,1986

78477805,1994,2336,1982

78478805,1991,2325,1991

78479805,1987,2321,1987

78480805,1984,2318,1983

78481805,1987,2322,1996

78492801,1990,2326,1987

78493805,1990,2334,1975

78494805,1987,2324,1983

78495805,1983,2329,1985

78496805,1981,2335,1989

78497805,1990,2333,1984

78498805,1987,2321,1979

78499805,1989,2327,1993

78500805,1994,2325,1980

78512801,1995,2325,1936

78513805,1991,2336,1984

78514805,1990,2329,1970

78515805,1983,2326,1983

78516805,1986,2336,1987

78517805,1993,2333,1989

78518805,1979,2334,1983

78519805,1987,2327,1984

78520805,1981,2323,1984

78532801,1987,2336,1984

78533805,1988,2333,1984

78534805,1989,2336,1998

78535805,2033,2327,1987

78536805,1985,2320,1982

78537805,1984,2335,1983

78538805,1989,2333,1983

78539805,1996,2323,1979

78540805,1983,2341,1989

78551801,1982,2326,1991

78552805,1971,2320,1991

78553805,196297944805,1991,2323,1989

1997945805,1987,2320,1986

1997946805,1989,2321,1986

1997947805,1991,2989,2321,1986

1997947805,1991,2989,2321,1986

1997947805,1991,2989,2321,1986

1997947805,1991,2989,2321,1986

1997947805,1991,2989,2321,1986

1997947805,1991,2989,2321,1986

1997947805,1991,2989,2321,1986

1997947805,1991,2989,2321,1986

1997947805,1991,2989,2321,1986

1997947805,1991,2989,2321,1986

1997947805,1991,2989,2321,1986

1997947805,1991,2989,2321,1986

1997947805,1991,2989,2321,1986

1997947805,1991,2989,2321,1986

1997947805,1991,2989,2321,1986

1997947805,1991,2989,2321,1986

1997947805,1991,2989,1984

1997948805,1984,2331,1985

1997949805,1987,2331,1985

1997961801,1987,2327,1984

1997962805,1997,2322,1986

1997963805,1988,2327,1985

1997964805,1979,2335,1987

1997965805,1994,2320,1983

1997966805,1984,2320,1986

1997967805,1989,2368,1987

1997968805,1994,2326,1987

1997980801,1993,2323,1996

1997981805,1990,2321,1990

1997982805,1990,2331,1985

1997983805,1984,2337,1983

1997984805,1985,2320,1983

1997985805,1985,2320,1987

1997986805,1985,2326,1988

1997987805,1985,2320,1991

1997999801,1981,2330,1989

1998000805,1984,2323,1989

1998001805,1991,2333,1982

1998002805,1990,2325,1987

1998003805,1986,2337,1988

1998004805,1987,2327,1979

1998005805,1987,2331,1983

1998006805,1993,2323,1983

1998018801,1994,2327,1984

1998019805,1989,2326,1981

1998020805,1990,2327,1987

1998021805,1989,2326,2006

1998022805,1987,2320,1982

1998023805,1990,2319,1983

1998024805,1977,2329,1985

1998025805,1983,2327,1985

1998037801,1987,2320,1984

1998038805,1993,2320,1979

1998039805,1984,2334,1993

1998040805,1991,2320,1978

1998041805,1987,2329,1984

1998042805,1987,2319,1984

1998043805,1979,2332,1983

1998044805,1989,2334,1984

1998056801,1985,2330,1995

1998057805,1982,2333,1994

1998058805,1984,2321,1981

1998059805,1990,2330,1981

1998060805,1986,2332,1984

1998061805,1982,2326,1991

1998062805,1986,2330,1987

1998063805,1984,2323,1983

1998075801,1995,2327,1994

1998076805,1994,2331,1988

1998077805,1994,2322,1979

1998078805,1990,2349,1985

1998079805,1984,2326,1982

1998080805,1983,2336,1990

1998081805,1983,2321,1980

1998082805,1984,2330,1993

1998094801,1984,2335,1981

1998095805,1986,2330,1987

1998096805,1994,2330,1985

1998097805,1987,2320,1980

1998098805,1991,2319,1979

1998099805,1989,2319,1990

1998100805,1988,2327,1983

1998101805,1991,2318,1983

1998113801,1983,2320,1991

1998114805,1989,2326,1991

1998115805,1987,2319,1984

1998116805,1989,2322,1980

1998117805,1997,2343,1981

1998118805,1985,2328,1982

1998119805,1986,2328,1994

1998120805,1982,2330,1986

1998132801,1991,2327,1987

1998133841,1981,2313,1986

1998134805,1979,2322,1984

1998135805,1977,2326,1988

1998136805,1991,2330,1982

1998137805,1981,2330,1987

1998138805,1979,2329,1989

1998139805,1987,2334,1991

1998151801,1987,2320,1987

1998152805,1987,2329,1986

1998153805,1984,2325,1994

1998154805,1987,2331,1984

1998155805,1989,2320,1995

1998156805,1986,2326,1984

1998157805,1985,2330,1982

1998158805,1984,2321,1979

1998170801,1991,2321,1987

1998171805,1998,2321,1988

1998172805,1981,2327,1987

1998173805,1985,2336,1990

1998174805,1985,2326,1991

1998175805,1985,2319,1985

1998176805,1989,2320,1984

1998177805,1987,2318,1997

1998189801,1985,2325,1990

1998190805,1985,2328,1982

1998191805,1983,2320,1981

1998192805,1984,2336,1983

1998193805,1977,2335,1990

1998194805,2002,2324,1982

1998195805,1991,2322,1987

1998196805,1983,2330,1980

1998208801,1986,2322,1993

1998209805,1989,2339,1994

1998210805,1980,2333,1968

1998211805,1962,2370,1983

1998212805,1974,2325,1989

1998213805,1994,2326,1983

1998214805,1985,2325,1975

1998215805,1991,2325,1971

1998227801,1993,2327,2031

1998228805,1991,2327,1982

1998229805,2014,2320,1987

1998230805,1939,2327,1991

1998231805,1991,2329,1978

1998232805,1995,2323,1990

1998233805,1978,2326,1987

1998234805,1986,2331,1975

1998246801,1991,2333,1984

1998247805,1991,2323,1977

1998248805,1974,2320,1934

1998249805,1986,2333,1990

1998250805,1987,2333,1979

1998251805,1984,2321,1961

1998252805,1983,2331,1988

1998253805,1982,2322,1982

1998265801,1978,2337,1984

1998266805,1988,2325,1989

1998267805,1996,2334,1974

1998268805,1967,2320,1990

1998269805,1984,2335,1962

1998270805,1984,2333,2000

1998271805,1983,2320,1985

1998272805,1987,2327,1977

1998284801,1981,2326,1968

1998285805,1985,2339,1986

1998286805,1978,2336,1983

1998287805,1982,2324,1989

1998288805,1983,2334,2026

1998289805,1985,2330,2013

1998290805,1989,2331,1989

1998291805,1984,2333,1989

1998303801,1996,2330,1996

1998304805,1987,2324,1983

1998305805,1984,2320,1987

1998306805,1979,2333,1983

1998307805,1968,2325,1923

1998308805,1984,2326,1984

1998309805,1979,2326,1986

1998310805,1991,2320,1946

1998322801,1993,2331,1981

1998323841,1988,2326,1991

1998324805,1984,2322,1987

1998325805,1987,2330,1995

1998326805,1982,2318,1957

1998327805,1983,2335,1979

1998328805,1987,2325,1984

1998329805,1985,2326,1987

1998341801,1984,2335,1990

1998342805,1994,2333,1963

1998343805,1983,2323,1984

1998344805,1982,2329,1990

1998345805,1986,2335,1984

1998346805,1978,2329,1982

1998347805,1995,2335,1991

1998348805,1999,2321,1983

1998360801,1984,2335,1983

1998361805,1983,2331,1984

1998362805,2001,2320,1987

1998363805,1996,2327,1981

1998364805,1989,2325,1977

1998365805,1989,2321,1981

1998366805,1981,2327,1987

1998367805,1986,2323,1991

1998379821,1979,2320,1997

1998380805,1996,2331,1982

1998381805,1989,2322,1990

1998382805,1993,2320,1983

1998383805,1995,2320,1989

1998384805,1999,2321,1982

1998385805,1985,2335,1987

1998386805,1986,2333,1974

1998398801,1991,2323,1985

1998399805,1981,2324,1989

1998400805,1985,2330,1925

1998401805,1988,2320,1984

1998402805,1991,2320,1990

1998403805,1993,2320,1991

1998404805,1985,2323,1983

1998405805,1985,2330,1968

1998417801,1981,2336,1989

1998418805,1985,2322,1983

1998419805,1984,2324,1989

1998420805,1995,2331,1991

1998421805,1990,2320,1994

1998422805,1986,2331,1984

1998423805,1986,2332,1988

1998424805,1978,2329,1984

1998436801,2007,2323,1983

1998437805,1983,2320,1968

1998438805,1987,2331,1987

1998439805,1984,2327,1979

1998440805,1987,2321,1988

1998441805,1987,2338,1980

1998442805,1995,2320,1978

1998443805,1995,2327,1985

1998455801,1994,2331,1984

1998456805,1981,2333,1990

1998457805,1979,2330,1989

1998458805,1983,2333,1983

1998459805,1984,2332,1984

1998460805,1983,2323,1970

1998461805,1994,2326,1984

1998462805,1984,2330,1975

1998474801,1984,2326,1988

1998475805,1986,2335,1991

1998476805,1990,2323,1986

1998477805,1963,2337,1984

1998478805,1986,2331,1994

1998479805,1991,2320,1984

1998480805,1987,2322,1959

1998481805,1989,2328,1990

1998493801,1970,2342,1988

1998494805,1987,2320,1991

1998495805,1994,2321,1983

1998496805,1980,2334,1997

1998497805,2012,2326,1981

1998498805,1979,2321,1984

1998499805,1985,2322,1984

1998500805,1995,2321,1989

1998512801,2007,2323,1978

1998513805,1993,2327,1987

1998514805,2003,2330,1990

1998515805,1986,2336,1985

1998516805,1990,2334,1977

1998517805,2025,2323,1984

1998518805,1990,2320,1978

1998519805,1985,2321,1990

1998531801,1989,2325,1985

1998532805,2017,2327,1984

1998533805,1991,2320,1987

1998534805,1988,2339,1991

1998535805,1987,2322,1957

1998536805,1999,2327,1995

1998537805,1983,2331,1991

1998538805,1987,2336,1991

1998550801,1987,2324,1986

1998551805,1969,2330,1989

1998552805,1989,2327,1998

1998553805,2006,2331,1989

1998554805,1999,2323,1990

1998555805,1989,2323,2001

1998556805,1995,2327,1989

1998557805,2008,2325,1959

1998569801,1978,2331,1984

1998570805,2003,2330,1982

1998571805,1931,2330,2000

1998572805,1961,2322,1987

1998573805,1950,2317,1986

1998574805,1991,2330,1985

1998575805,1987,2331,1983

1998576805,1981,2334,1983

1998587801,1990,2315,1986

1998588805,1997,2320,1991

1998589805,1987,2322,1981

1998590805,1971,2320,1984

1998591805,2001,2329,1983

1998592805,1974,2325,1986

1998593805,1987,2320,1985

1998594805,1987,2322,1973

1998606801,1978,2326,1990

1998607805,1965,2323,2003

1998608805,1959,2320,1982

1998609805,1964,2338,1992

1998610805,1995,2329,1982

1998611805,1986,2325,1985

1998612805,1988,2331,1982

1998613805,1993,2327,1984

1998625801,2000,2330,1983

1998626805,2032,2309,1991

1998627805,2001,2331,1983

1998628805,1986,2325,1990

1998629805,1985,2320,1987

1998630805,1984,2316,1988

1998631805,1995,2325,2032

1998632805,1984,2319,1986

1998643453,1985,2318,1990

1998644805,2034,2320,1996

1998645805,1989,2336,1982

1998646805,1985,2331,1985

1998647805,1994,2323,1987

1998648805,1995,2320,1986

1998649805,1985,2324,1967

1998661801,1984,2332,1990

1998662805,1989,2333,1993

1998663805,1988,2347,1984

1998664805,1991,2320,1991

1998665805,1975,2323,1975

1998666805,2000,2333,1982

1998667805,1990,2321,1986

1998668805,1987,2326,2011

1998680801,1983,2327,1983

1998681805,1979,2321,1982

1998682805,1993,2323,1991

1998683805,1991,2330,1983

1998684805,1998,2322,1963

1998685805,1986,2325,1990

1998686805,1985,2320,1984

1998687805,1990,2320,1984

1998699801,1959,2336,1990

1998700805,1999,2331,1987

1998701805,2027,2331,1983

1998702805,1975,2327,1981

1998703805,1989,2324,1986

1998704805,1996,2321,1969

1998705805,1985,2325,1985

1998706805,1983,2320,1985

1998718801,1970,2331,1985

1998719805,1985,2327,1981

1998720805,1993,2331,1981

1998721805,1990,2335,1986

1998722805,1981,2322,1988

1998723805,1985,2318,1984

1998724805,1987,2320,1985

1998725805,1989,2320,1981

1998737801,1991,2322,1948

1998738805,1984,2335,1920

1998739805,1984,2323,1981

1998740805,1980,2327,1985

1998741805,1986,2327,1979

1998742805,1984,2319,1985

1998743805,1985,2320,1987

1998744805,1986,2333,1983

1998756801,1983,2336,1968

1998757805,1993,2328,1997

1998758805,1980,2326,1990

1998759805,1977,2330,1979

1998760805,1984,2330,1984

1998761805,1992,2326,1983

1998762805,1984,2331,1967

1998763805,1997,2323,1984

1998775801,1983,2335,1984

1998776805,1993,2326,1980

1998777805,1991,2323,1984

1998778805,1987,2326,1982

1998779805,1984,2318,1996

1998780805,1983,2322,1984

1998781805,1990,2340,1985

1998782805,1994,2333,1989

1998794801,1985,2322,1985

1998795805,1991,2325,1983

1998796805,1984,2326,1982

1998797805,1998,2329,1987

1998798805,1984,2330,1985

1998799805,1984,2330,1985

1998800805,1986,2336,1985

1998801805,1993,2320,1987

1998813801,1995,2334,1986

1998814805,1979,2320,1983

1998815805,1983,2327,1983

1998816805,1985,2325,1988

1998817805,1990,2336,1991

1998818805,1982,2329,1990

1998819805,1984,2329,1982

1998820805,1925,2334,1983

1998832801,1982,2325,1984

1998833805,1984,2336,1981

1998834805,1999,2329,1985

1998835805,1984,2324,1994

1998836805,1947,2327,1987

1998837805,1989,2320,1984

1998838805,1987,2334,1981

1998839805,1990,2333,1991

1998851801,1983,2315,1984

1998852805,1983,2325,1983

1998853805,1983,2332,1985

1998854805,1975,2326,1984

1998855805,1983,2322,1991

1998856805,1977,2325,1982

1998857805,1983,2323,1985

1998858805,2000,2326,1985

1998870801,1997,2321,1984

1998871805,2000,2321,1989

1998872805,1996,2322,1987

1998873805,1984,2325,1986

1998874805,1937,2338,2064

1998875805,1984,2326,1994

1998876805,1989,2322,1988

1998877805,1960,2335,1991

1998889801,1974,2330,1966

1998890805,2018,2329,1983

1998891805,1979,2320,1993

1998892805,2032,2322,1991

1998893805,2032,2327,1986

1998894805,1987,2327,1974

1998895805,1978,2336,1984

1998896805,1983,2325,2000

1998908801,1984,2327,1987

1998909805,2007,2327,1995

1998910805,1984,2335,1981

1998911805,2004,2325,1984

1998912805,1975,2330,1995

1998913805,2024,2325,1987

1998914805,1985,2323,1987

1998915805,1995,2324,1987

1998927801,1991,2320,1983

1998928805,2032,2329,1986

1998929805,2027,2331,1983

1998930805,2000,2332,1987

1998931805,1997,2331,1984

1998932805,2013,2321,1977

1998933805,1986,2326,1984

1998934805,1967,2334,1989

1998945801,1986,2331,1985

1998946805,1994,2334,1983

1998947805,1988,2329,1992

1998948805,1980,2329,1982

1998949805,1983,2330,1986

1998950805,1983,2331,1983

1998951805,1984,2323,1987

1998952805,1978,2327,1978

1998964801,1987,2320,1985

1998965805,1987,2334,1987

1998966805,2022,2320,2037

1998967805,2019,2328,1978

1998968805,2002,2327,1979

1998969805,1984,2319,1986

1998970805,1950,2330,1987

1998971805,2023,2323,1988

1998983801,1989,2340,1985

1998984805,1983,2329,1987

1998985805,1991,2333,1981

1998986805,1991,2334,1986

1998987805,1991,2325,1987

1998988805,1984,2324,1996

1998989805,2017,2330,1984

1998990805,1983,2322,1985

1999001453,1985,2322,1973

1999002805,1991,2322,1984

1999003805,1999,2336,1986

1999004805,1985,2339,1986

1999005805,1970,2333,1984

1999006805,1978,2333,1999

1999007805,1984,2327,1990

1999019801,1989,2326,1987

1999020805,1986,2321,1984

1999021805,1984,2338,1986

1999022805,2000,2327,1982

1999023805,1979,2323,1987

1999024805,1991,2326,1979

1999025805,1985,2325,1983

1999026805,1991,2323,1984

1999038801,1998,2322,1979

1999039805,1983,2327,1981

1999040805,1994,2324,2021

1999041805,1997,2333,1986

1999042805,1981,2330,1993

1999043805,1990,2330,1990

1999044805,1997,2321,1991

1999045805,1985,2326,2000

1999057801,1991,2321,1971

1999058805,1984,2330,1996

1999059805,1987,2335,1985

1999060805,1993,2317,1991

1999061805,1990,2325,1979

1999062805,1983,2329,1987

1999063805,1990,2334,1989

1999064805,1989,2324,1984

1999076801,1967,2320,1985

1999077805,1983,2330,1989

1999078805,1986,2330,1989

1999079805,1969,2331,1995

1999080805,1987,2323,1989

1999081805,1984,2323,1978

1999082805,1992,2322,1985

1999083805,1990,2320,1987

1999095801,1969,2330,1987

1999096805,1987,2322,1983

1999097805,1984,2324,1987

1999098805,1988,2326,1985

1999099805,1985,2326,1989

1999100805,1986,2331,1994

1999101805,1984,2336,1977

1999102805,1985,2333,1997

1999114801,1986,2320,1990

1999115805,1990,2322,1986

1999116805,1987,2330,1985

1999117805,1999,2338,1990

1999118805,1983,2335,1988

1999119805,1994,2327,1994

1999120805,1990,2325,1986

1999121805,1987,2330,1979

1999133801,2007,2323,1981

1999134805,1981,2325,1981

1999135805,1990,2317,1981

1999136805,1994,2323,1988

1999137805,1993,2325,1981

1999138805,1987,2335,1985

1999139805,1981,2327,1981

1999140805,1983,2321,1985

1999152801,1991,2323,1991

1999153805,1983,2321,2001

1999154805,1997,2325,1995

1999155805,1965,2325,1971

1999156805,1984,2330,1922

1999157805,1983,2333,1987

1999158805,1990,2321,1978

1999159805,1990,2331,1989

1999171801,1991,2333,1989

1999172805,2021,2331,1983

1999173805,1983,2328,1994

1999174805,1996,2327,1986

1999175805,1985,2322,1985

1999176805,1974,2335,1990

1999177805,1995,2328,1989

1999178805,1987,2330,1993

1999190801,2019,2321,1985

1999191805,1994,2331,1987

1999192805,1996,2331,1990

1999193805,2042,2325,1993

1999194805,1987,2333,1990

1999195805,1990,2323,1991

1999196805,1987,2326,1990

1999197805,1991,2341,1993

1999209801,1958,2320,1982

1999210805,1984,2333,1984

1999211805,1997,2333,1989

1999212805,1985,2327,1997

1999213805,1985,2320,1989

1999214805,1994,2331,1985

1999215805,1988,2323,1981

1999216805,1983,2321,1982

1999228801,1984,2341,1984

1999229805,1991,2325,1989

1999230805,1981,2329,1981

1999231805,1963,2335,1985

1999232805,1988,2320,1989

1999233805,1983,2324,1988

1999234805,1981,2326,1985

1999235805,1985,2327,1984

1999247801,1987,2327,1986

1999248805,1988,2329,1981

1999249805,1985,2326,2003

1999250805,1995,2331,1986

1999251805,1995,2332,1994

1999252805,1985,2320,1984

1999253805,1998,2333,1984

1999254805,1994,2329,1981

1999266801,1989,2331,1996

1999267805,1999,2323,1984

1999268805,1983,2331,1987

1999269805,2010,2327,1987

1999270805,1988,2327,1984

1999271805,1981,2323,1989

1999272805,1987,2330,1983

1999273805,1994,2327,1983

1999285801,1989,2327,1998

1999286805,1984,2329,1980

1999287805,1989,2323,1991

1999288805,1989,2320,1984

1999289805,1987,2331,1991

1999290805,1987,2331,1996

1999291805,1984,2331,1994

1999292805,1982,2321,1984

1999303801,1984,2321,1986

1999304805,1983,2324,1990

1999305805,1993,2335,1983

1999306805,1985,2330,1981

1999307805,1984,2325,1985

1999308805,1986,2336,1989

1999309805,1971,2320,1983

1999310805,1995,2329,1985

1999322801,1987,2330,1972

1999323805,1985,2323,1985

1999324805,1990,2330,1955

1999325805,1982,2325,1991

1999326805,1969,2329,1987

1999327805,1997,2321,1990

1999328805,1992,2327,1988

1999329805,2002,2339,1984

1999341801,1988,2323,1995

1999342805,1985,2327,1981

1999343805,1984,2326,1987

1999344805,1999,2330,1983

1999345805,1998,2331,1988

1999346805,1999,2336,1994

1999347805,1987,2330,1990

1999348805,1990,2327,1984

1999359453,1991,2325,1990

1999360805,1982,2333,1966

1999361805,1980,2331,1989

1999362805,1983,2336,1982

1999363805,1989,2320,1991

1999364805,1983,2321,1993

1999365805,1988,2326,1987

1999377801,1985,2333,1984

1999378805,1985,2334,1984

1999379805,1995,2320,1996

1999380805,1993,2321,1984

1999381805,1988,2323,1981

1999382805,1986,2333,1986

1999383805,1987,2320,1990

1999384805,1987,2334,1985

1999396801,1994,2323,1985

1999397834,1984,2333,1982

1999398805,2095,2317,2009

1999399805,2000,2321,1982

1999400805,1982,2320,1990

1999401805,1985,2336,1985

1999402805,1987,2329,1983

1999403805,1989,2334,1987

1999415801,2010,2330,1998

1999416805,1987,2320,2006

1999417805,1984,2330,1927

1999418805,1986,2323,1979

1999419805,1983,2330,1926

1999420805,1996,2325,1990

1999421805,1989,2334,1978

1999422805,1989,2325,1982

1999434801,1991,2321,1990

1999435805,1987,2330,1983

1999436805,1991,2334,1989

1999437805,2004,2327,1995

1999438805,1993,2333,1984

1999439805,1985,2331,1996

1999440805,1987,2337,1989

1999441805,1981,2332,1983

1999453801,1997,2331,1989

1999454805,1990,2321,1987

1999455805,1985,2330,1986

1999456805,1968,2336,1987

1999457805,1999,2323,1984

1999458805,1987,2336,1990

1999459805,1997,2336,1991

1999460805,1974,2325,1983

1999472801,1986,2330,1989

1999473805,1997,2318,1982

1999474805,1984,2355,1979

1999475805,1984,2325,1984

1999476805,1993,2339,1985

1999477805,1991,2329,1997

1999478805,1987,2336,1987

1999479805,1982,2319,1982

1999491801,1983,2324,1989

1999492805,1996,2323,1988

1999493805,1997,2331,1982

1999494805,1973,2326,1974

1999495805,1986,2321,1985

1999496805,1975,2324,1985

1999497805,1988,2320,1989

1999498805,1990,2336,1985

1999510801,1981,2332,1997

1999511805,1988,2323,1974

1999512805,1981,2321,1982

1999513805,1991,2333,2011

1999514805,1997,2335,1982

1999515805,1979,2335,1977

1999516805,1997,2327,1979

1999517805,1984,2321,1975

1999529801,1985,2327,1985

1999530805,1987,2320,1989

1999531805,1985,2321,1986

1999532805,1987,2326,1952

1999533805,1985,2323,1984

1999534805,1979,2331,1995

1999535805,1985,2333,1982

1999536805,1979,2333,1993

1999548801,1993,2336,1981

1999549805,1999,2323,1995

1999550805,1984,2331,1984

1999551805,2001,2331,1981

1999552805,1987,2325,2000

1999553805,1995,2325,1984

1999554805,1999,2341,1983

1999555805,1983,2323,1985

1999567801,1990,2333,1987

1999568805,1995,2333,1987

1999569805,1989,2320,1994

1999570805,1940,2323,2029

1999571805,1985,2320,1983

1999572805,1984,2334,1979

1999573805,1984,2325,1981

1999574805,1993,2321,1983

1999586801,1985,2320,1989

1999587805,1978,2329,1977

1999588805,1985,2322,1984

1999589805,1963,2325,1984

1999590805,1985,2326,1984

1999591805,1983,2367,1983

1999592805,1989,2330,1984

1999593805,1987,2331,1983

1999605801,1983,2325,1995

1999606805,1986,2331,1994

1999607805,1981,2331,1985

1999608805,1968,2325,1987

1999609805,1983,2321,1988

1999610805,1989,2277,1989

1999611805,1984,2337,2031

1999612805,1987,2330,1985

1999624801,1985,2327,1986

1999625805,1987,2329,1985

1999626805,1983,2334,1987

1999627805,2018,2326,1984

1999628805,1990,2326,1985

1999629805,1987,2334,1991

1999630805,2019,2334,1990

1999631805,1991,2320,1984

1999643801,1990,2327,2054

1999644805,1984,2330,1993

1999645805,1985,2325,1981

1999646805,1984,2322,1979

1999647805,1989,2275,1986

1999648805,1990,2330,1985

1999649805,1984,2318,1968

1999650805,1983,2325,1984

1999661801,1994,2320,1989

1999662805,1989,2331,1985

1999663805,1990,2338,1981

1999664805,1988,2320,1989

1999665805,1980,2323,1984

1999666805,1978,2323,1975

1999667805,1987,2323,1986

1999668805,1989,2327,1983

1999680801,1991,2334,1993

1999681805,1989,2321,1986

1999682805,1983,2331,2000

1999683805,1998,2334,1991

1999684805,1997,2325,1985

1999685805,1991,2323,1984

1999686805,1985,2337,1985

1999687805,1986,2325,1983

1999699801,1999,2332,1982

1999700805,1994,2320,1984

1999701805,1987,2327,1989

1999702805,1999,2325,1990

1999703805,1986,2320,1988

1999704805,1991,2320,1983

1999705805,1989,2331,1981

1999706805,1994,2320,1972

1999717453,1990,2320,1993

1999718805,1992,2306,1985

1999719805,1990,2333,1984

1999720805,1993,2333,1985

1999721805,1991,2325,1995

1999722805,1986,2335,1987

1999723805,1990,2319,1984

1999735801,1994,2320,1984

1999736805,1989,2325,1997

1999737805,1987,2298,1995

1999738805,1990,2320,1984

1999739805,1985,2332,1985

1999740805,1986,2330,1982

1999741805,1985,2337,1986

1999742805,1994,2366,1988

1999754801,1989,2330,1984

1999755805,1985,2326,1979

1999756805,1985,2329,1968

1999757805,1993,2327,1982

1999758805,1985,2331,1978

1999759805,1986,2338,1986

1999760805,1989,2326,1990

1999761805,1990,2321,1989

1999773801,1985,2322,1981

1999774805,1987,2384,1997

1999775805,1985,2331,1985

1999776805,1967,2327,2006

1999777805,1989,2325,1979

1999778805,1980,2325,1982

1999779805,1987,2334,1987

1999780805,1987,2311,1984

1999792801,1998,2331,1991

1999793805,1990,2337,1980

1999794805,1984,2339,1985

1999795805,1987,2329,1984

1999796805,1982,2317,1985

1999797805,1991,2329,1994

1999798805,2047,2324,1983

1999799805,1983,2327,1986

1999811801,1995,2330,1993

1999812805,1984,2272,1983

1999813805,1988,2315,1982

1999814805,1991,2334,1986

1999815805,1994,2326,1987

1999816805,1993,2327,1984

1999817805,1971,2331,1994

1999818805,1985,2326,1995

1999829801,1984,2326,1985

1999830805,1987,2335,1983

1999831805,1975,2329,2064

1999832805,1987,2336,1989

1999833805,1984,2317,1987

1999834805,1990,2326,1985

1999835805,1994,2336,1988

1999836805,1985,2321,1984

1999848801,1980,2326,1981

1999849805,1989,2330,1983

1999850805,1985,2309,1934

1999851805,1991,2320,1985

1999852805,1986,2326,1979

1999853805,1987,2334,1966

1999854805,1986,2320,1984

1999855805,1981,2320,1990

1999867801,1984,2325,1987

1999868805,1985,2330,1989

1999869805,1988,2322,1984

1999870805,1987,2330,1994

1999871805,1989,2325,1987

1999872805,1989,2320,1985

1999873805,1990,2355,1986

1999874805,1981,2335,1985

1999885453,1987,2326,1981

1999886805,1990,2335,1983

1999887805,1984,2327,1984

1999888805,1992,2327,1984

1999889805,1988,2325,1981

1999890805,1994,2262,1988

1999891805,1984,2320,1971

1999903801,1990,2325,1985

1999904805,1989,2321,1983

1999905805,1998,2315,1984

1999906805,1972,2330,1967

1999907805,1975,2335,1990

1999908805,1990,2326,1994

1999909805,2000,2326,1990

1999910805,1994,2327,1993

1999922801,1995,2332,1984

1999923805,1987,2331,1991

1999924805,1984,2329,1989

1999925805,1989,2335,2020

1999926805,1987,2352,1965

1999927805,1984,2339,1986

1999928805,2002,2329,1991

1999929805,1985,2325,1989

1999941801,1995,2340,1986

1999942805,1981,2323,1979

1999943805,1993,2327,1986

1999944805,1991,2321,1990

1999945805,1994,2326,1995

1999946805,1994,2327,1984

1999947805,1996,2330,1971

1999948805,1987,2323,1984

1999960801,1990,2323,1984

1999961805,1991,2337,1989

1999962805,1985,2340,1979

1999963805,1983,2335,1993

1999964805,1980,2333,1991

1999965805,1978,2321,1991

1999966805,1988,2326,1984

1999967805,1990,2338,1987

1999979801,1985,2339,1985

1999980805,1986,2332,1982

1999981805,1985,2320,1990

1999982805,1991,2325,2006

1999983805,1984,2320,1985

1999984805,1994,2397,1995

1999985805,1991,2320,1978

1999986805,1978,2295,1985

1999997801,1985,2343,1993

1999998805,1994,2336,1991

1999999805,1984,2329,1983

2000000805,1973,2345,1982

2000001805,1991,2334,1975

2000002805,1985,2304,1984

2000003805,1986,2330,1981

2000004805,1984,2338,1984

2000016801,1984,2332,1986

2000017805,1984,2330,1989

2000018805,1984,2334,1995

2000019805,1980,2322,1984

2000020805,1995,2410,1980

2000021805,1981,2321,1984

2000022805,1989,2323,1988

2000023805,1980,2343,1989

2000035828,1985,2323,1986

2000036805,1991,2326,1980

2000037805,1985,2305,1996

2000038805,1990,2336,1986

2000039805,1991,2327,1978

2000040805,1989,2327,1982

2000041805,1983,2327,1983

2000042805,1984,2327,1983

2000053453,1989,2271,1984

2000054805,1990,2330,1984

2000055805,1987,2320,1989

2000056805,1989,2411,1995

2000057805,1979,2326,1925

2000058805,1989,2337,1991

2000059805,1984,2331,1983

2000071801,1984,2326,1979

2000072805,1984,2297,1984

2000073805,1984,2331,1981

2000074805,1995,2327,1982

2000075805,1985,2333,1977

2000076805,1977,2323,1984

2000077805,1990,2327,1985

2000078805,1981,2320,1985

2000090801,1989,2349,1987

2000091805,1995,2305,1992

2000092805,1984,2331,1985

2000093805,1995,2325,1983

2000094805,1987,2321,1995

2000095805,1990,2337,1984

2000096805,1984,2327,1986

2000097805,1987,2337,1987

2000109801,1984,2387,1980

2000110805,1983,2331,1987

2000111805,1988,2335,1995

2000112805,1979,2325,1985

2000113805,1987,2322,1993

2000114805,1979,2327,1983

2000115805,1984,2347,1982

2000116805,1987,2330,1985

2000128801,1989,2330,1983

2000129805,1985,2318,1987

2000130805,1990,2329,1989

2000131805,1993,2321,1989

2000132805,1992,2320,1991

2000133805,1985,2333,1981

2000134805,1989,2329,1982

2000135805,1984,2262,1984

2000147837,1989,2321,2035

2000148805,1986,2326,1982

2000149805,1981,2339,1980

2000150805,1986,2327,1990

2000151805,1985,2333,1980

2000152805,1998,2314,1986

2000153805,1968,2328,2017

2000154805,1984,2317,1985

2000165801,1983,2323,1988

2000166805,1984,2345,1985

2000167805,1978,2330,1971

2000168805,1989,2335,1991

2000169805,1985,2321,1987

2000170805,1995,2322,1991

2000171805,1986,2349,1978

2000172805,1982,2319,1982

2000184801,1991,2331,1987

2000185805,1981,2323,1996

2000186805,1979,2364,1994

2000187805,1991,2325,1982

2000188805,1990,2310,1983

2000189805,1958,2331,1991

2000190805,1989,2320,1984

2000191805,1999,2367,1985

2000203820,1989,2327,1987

2000204805,1985,2361,1983

2000205805,2000,2387,1990

2000206805,2000,2330,1983

2000207805,2001,2324,1982

2000208805,1983,2321,1998

2000209805,1977,2325,1991

2000210805,1994,2323,1983

2000221453,1984,2329,1984

2000222805,1986,2354,1983

2000223805,1995,2335,1991

2000224805,1993,2327,1995

2000225805,1987,2320,1993

2000226805,1995,2329,1989

2000227805,1985,2331,1983

2000239801,1983,2329,1962

2000240805,1984,2320,1983

2000241805,1984,2335,1986

2000242805,1984,2319,1984

2000243805,1985,2325,1991

2000244805,1987,2331,1984

2000245805,1991,2330,1982

2000246805,1989,2330,1985

2000258801,1985,2337,1995

2000259805,1990,2329,1981

2000260805,1984,2327,1989

2000261805,1993,2331,1984

2000262805,2000,2323,1990

2000263805,1997,2325,1983

2000264805,1991,2334,1984

2000265805,1991,2330,1984

2000277801,1984,2322,1990

2000278805,1984,2337,1989

2000279805,1982,2327,1984

2000280805,1984,2320,1968

2000281805,1987,2331,1990

2000282805,1989,2321,1983

2000283805,1981,2320,1987

2000284805,1983,2329,1985

2000296801,1983,2337,2023

2000297805,1991,2333,1983

2000298805,1989,2317,1989

2000299805,1985,2331,1987

2000300805,1991,2329,1984

2000301805,1982,2325,1993

2000302805,1984,2336,1991

2000303805,1983,2325,1984

2000315801,1978,2290,1985

2000316805,1986,2330,1987

2000317805,1989,2335,1986

2000318805,1985,2327,1995

2000319805,1988,2327,1985

2000320805,1995,2321,1982

2000321805,1995,2326,1969

2000322805,1994,2334,1989

2000334801,1983,2322,1994

2000335805,1991,2331,1987

2000336805,1995,2333,1978

2000337805,1985,2321,1979

2000338805,1991,2331,1989

2000339805,1984,2321,1991

2000340805,1985,2325,1987

2000341805,1988,2334,1986

2000353801,1983,2334,1983

2000354805,1986,2326,1983

2000355805,1991,2320,1995

2000356805,1995,2324,1982

2000357805,1990,2332,1989

2000358805,1990,2321,1989

2000359805,1989,2325,1986

2000360805,1995,2327,1979

2000372801,1980,2331,1984

2000373805,1985,2329,1986

2000374805,1983,2333,1982

2000375805,1984,2329,1979

2000376805,1994,2331,1989

2000377805,1990,2333,1984

2000378805,1991,2335,1985

2000379805,1985,2327,1989

2000391801,1989,2295,1974

2000392805,1999,2330,1991

2000393805,1989,2318,1983

2000394805,1980,2329,1978

2000395805,1995,2327,1986

2000396805,1995,2326,1990

2000397805,1994,2324,1987

2000398805,1983,2323,1981

2000410801,1989,2353,1990

2000411805,1985,2326,1985

2000412805,1995,2325,1993

2000413805,1987,2316,1984

2000414805,1990,2335,1985

2000415805,1995,2335,1991

2000416805,1984,2325,1984

2000417805,1991,2325,1980

2000429801,1991,2317,1984

2000430805,1981,2333,1988

2000431805,1986,2333,1979

2000432805,1984,2323,1980

2000433805,1990,2333,1989

2000434805,1996,2329,1989

2000435805,1983,2326,1982

2000436805,1980,2331,1990

2000448801,1987,2329,1987

2000449805,1989,2321,1989

2000450805,1985,2327,1988

2000451805,1984,2335,1980

2000452805,1987,2327,1985

2000453805,1984,2326,1986

2000454805,1995,2329,1984

2000455805,1979,2326,1988

2000467801,1995,2330,1994

2000468805,1968,2332,1982

2000469805,1985,2320,1983

2000470805,1981,2335,1974

2000471805,1993,2329,1991

2000472805,1989,2342,1993

2000473805,1991,2329,1996

2000474805,1984,2331,1995

2000486801,1985,2381,1983

2000487805,1986,2320,1990

2000488805,1988,2334,1990

2000489805,2034,2329,1984

2000490805,1984,2330,1983

2000491805,1984,2329,1985

2000492805,1991,2333,1996

2000493805,1990,2321,1984

2000505801,1951,2317,1989

2000506805,1987,2341,1991

2000507805,1981,2328,1983

2000508805,1987,2333,1996

2000509805,1990,2326,1990

2000510805,2003,2327,1990

2000511805,2019,2320,1977

2000512805,1987,2330,1968

2000523801,1991,2323,1986

2000524805,1990,2323,1998

2000525805,1987,2334,2035

2000526805,1987,2337,1989

2000527805,1990,2329,1987

2000528805,1954,2333,1966

2000529805,1990,2327,1995

2000530805,1987,2338,1990

2000542801,1982,2323,1987

2000543805,1988,2321,1984

2000544805,1985,2333,1995

2000545805,1983,2321,1984

2000546805,1995,2331,1990

2000547805,1984,2325,1981

2000548805,1987,2326,1985

2000549805,1983,2320,1988

2000561801,1985,2322,1980

2000562805,1984,2325,1989

2000563805,1989,2331,1988

2000564805,1998,2323,1991

2000565805,1986,2310,1994

2000566805,1984,2350,1987

2000567805,1989,2334,1991

2000568805,1989,2343,1985

2000579453,1986,2325,1987

2000580805,1989,2321,1980

2000581805,1988,2326,1975

2000582805,1998,2339,1986

2000583805,1979,2331,1984

2000584805,1993,2326,1985

2000585805,1985,2323,1977

2000597801,1983,2334,1984

2000598805,1982,2327,1984

2000599805,1982,2331,1989

2000600805,1984,2332,1984

2000601805,1987,2329,1983

2000602805,1981,2331,1986

2000603805,1984,2326,1987

2000604805,1991,2325,1997

2000616801,1989,2331,1987

2000617805,1979,2329,1995

2000618805,1987,2332,1989

2000619805,1981,2331,1986

2000620805,1985,2318,1989

2000621805,1989,2325,1986

2000622805,1995,2330,1985

2000623805,1982,2336,1989

2000635801,1979,2332,2007

2000636805,1987,2334,1993

2000637805,1981,2327,1982

2000638805,1984,2334,1987

2000639805,1984,2331,1983

2000640805,1988,2327,1990

2000641805,1985,2321,1982

2000642805,1984,2330,1991

2000654801,1990,2335,1981

2000655805,1985,2375,1987

2000656805,1984,2327,1989

2000657805,1982,2330,1984

2000658805,1995,2320,1985

2000659805,1988,2327,1981

2000660805,1986,2334,1988

2000661805,1984,2301,1984

2000673801,1986,2320,2006

2000674805,1989,2321,1985

2000675805,1991,2334,1982

2000676805,1981,2331,1982

2000677805,1990,2336,1987

2000678805,1989,2320,1990

2000679805,2000,2318,1984

2000680805,1997,2341,1991

2000691801,1995,2335,1979

2000692805,1985,2326,1986

2000693805,1989,2315,1991

2000694805,1991,2329,1985

2000695805,1987,2327,1991

2000696805,1994,2327,1986

2000697805,1986,2328,1989

2000698805,1985,2326,1985

2000710801,1995,2343,1985

2000711805,1984,2330,1984

2000712805,1982,2325,1990

2000713805,1990,2320,1988

2000714805,1988,2320,1987

2000715805,1988,2323,1989

2000716805,1983,2320,1986

2000717805,1978,2335,1981

2000729801,1991,2330,1988

2000730805,1986,2331,1989

2000731805,1988,2327,1980

2000732805,1985,2325,1989

2000733805,1988,2321,1982

2000734805,1985,2321,2000

2000735805,1978,2335,1993

2000736805,1990,2333,1993

2000747453,1989,2324,1989

2000748805,2000,2322,1993

2000749805,1989,2325,1989

2000750805,1986,2337,1980

2000751805,1989,2322,1988

2000752805,1990,2320,1989

2000753805,1993,2330,1987

2000765801,1987,2329,1989

2000766805,1995,2323,1988

2000767805,1986,2320,1993

2000768805,1981,2321,1986

2000769805,1988,2325,1983

2000770805,1987,2323,1991

2000771805,1984,2327,1985

2000772805,1985,2334,1985

2000784801,1984,2331,1985

2000785805,1991,2322,1983

2000786805,1986,2329,1985

2000787805,1995,2321,1985

2000788805,1984,2323,1984

2000789805,1984,2325,1989

2000790805,1981,2333,1985

2000791805,1984,2328,1984

2000803801,1998,2333,1989

2000804805,1981,2323,1981

2000805805,1987,2323,1989

2000806805,1983,2321,1985

2000807805,1988,2321,1983

2000808805,1993,2325,1986

2000809805,1986,2326,1986

2000810805,1984,2320,1982

2000822801,1985,2332,1978

2000823805,1994,2327,1985

2000824805,1986,2330,1984

2000825805,1987,2326,1986

2000826805,1997,2329,1993

2000827805,1985,2327,1989

2000828805,1994,2334,1989

2000829805,1993,2324,1986

2000841801,1985,2325,1989

2000842805,1985,2327,1982

2000843805,1991,2325,1989

2000844805,1996,2326,1993

2000845805,1988,2327,1987

2000846805,1987,2331,1987

2000847805,1989,2330,1980

2000848805,1986,2329,1986

2000860801,1997,2337,1992

2000861805,1989,2319,1991

2000862805,2000,2330,1981

2000863805,1994,2325,1987

2000864805,1991,2324,1987

2000865805,1986,2327,1989

2000866805,1983,2336,1985

2000867805,1985,2327,1983

2000879801,1990,2326,1983

2000880805,1985,2319,1994

2000881805,1991,2333,2000

2000882805,1995,2327,1985

2000883805,1994,2332,1985

2000884805,1984,2319,1989

2000885805,1987,2342,1984

2000886805,1985,2334,1979

2000898801,1981,2321,1983

2000899805,1985,2323,1987

2000900805,1985,2326,1990

2000901805,1985,2321,1984

2000902805,1994,2327,1984

2000903805,1984,2328,1991

2000904805,1984,2326,1984

2000905805,1981,2333,1985

2000917801,1983,2322,1989

2000918805,1997,2330,1986

2000919805,1997,2321,1987

2000920805,1987,2321,1985

2000921805,1991,2334,1985

2000922805,1989,2323,1998

2000923805,1988,2330,1987

2000924805,1985,2321,1994

2000936801,1985,2291,1986

2000937805,1989,2330,1990

