,,,
195859029,1999,2324,1989
,,,
195860029,1986,2327,1985
,,,
195861029,2005,2334,1988
,,,
195872029,1986,2321,1976
,,,
195873029,1986,2330,1991
,,,
195874029,1999,2290,1994
,,,
195875029,1994,2291,1993
,,,
195876060,1982,2304,1998
,,,
195877029,1995,2320,1980
,,,
195878029,1995,2339,1975
,,,
195879029,1989,2369,1979
,,,
195891026,1994,2319,1985
,,,
195892029,2002,2320,1979
,,,
195893029,2000,2310,1977
,,,
195894029,2000,2331,1985
,,,
195895029,1998,2318,1952
,,,
195896029,1984,2322,1982
,,,
195897029,2006,2354,1984
,,,
195898029,1983,2336,2013
,,,
195899029,1999,2330,1931
,,,
195911026,2000,2325,1989
,,,
195912029,2005,2336,1990
,,,
195913029,2000,2329,1986
,,,
195914029,1982,2326,1974
,,,
195915029,2019,2330,1986
,,,
195916029,1997,2337,1971
,,,
195917029,1989,2329,1953
,,,
195918029,2033,2289,1989
,,,
195929026,1983,2322,1984
,,,
195930029,1981,2331,1986
,,,
195931029,1991,2322,1980
,,,
195932029,2000,2279,1984
,,,
195933029,2000,2325,1999
,,,
195934029,1979,2325,1997
,,,
195935029,1994,2331,1974
,,,
195936029,2000,2327,1984
,,,
195948026,1968,2330,1981
,,,
195949029,1986,2319,1989
,,,
195950029,2006,2314,1984
,,,
195951029,1997,2307,1978
,,,
195952029,2068,2321,1982
,,,
195953029,2001,2321,2001
,,,
195954029,1999,2307,1975
,,,
195955029,2000,2327,1989
,,,
195956029,1996,2324,1986
,,,
195968026,1989,2320,1990
,,,
195969029,1986,2334,1986
,,,
195970029,1991,2322,1975
,,,
195971029,1981,2321,1984
,,,
195972029,1993,2337,1981
,,,
195973029,1999,2326,1992
,,,
195974029,2000,2319,1977
,,,
195975029,1995,2320,1990
,,,
195986026,1997,2313,1983
,,,
195987029,1994,2316,1983
,,,
195988029,1995,2326,1987
,,,
195989029,1994,2320,1981
,,,
195990029,2000,2320,1974
,,,
195991029,1991,2320,2000
,,,
195992029,1987,2311,1993
,,,
195993029,1991,2319,1978
,,,
196005026,1993,2320,1989
,,,
196006029,2003,2331,1983
,,,
196007029,1991,2323,1991
,,,
196008029,2000,2353,1991
,,,
196009029,1997,2330,1979
,,,
196010029,1997,2327,1984
,,,
196011029,1990,2329,1998
,,,
196012029,2000,2326,1982
,,,
196013029,1988,2315,1982
,,,
196025026,2019,2352,1982
,,,
196026029,2000,2329,1987
,,,
196027029,1995,2326,1973
,,,
196028029,1981,2319,1978
,,,
196029029,1999,2329,1985
,,,
196030029,1988,2334,1987
,,,
196031029,1991,2341,1983
,,,
196032029,1993,2331,1993
,,,
196043026,1966,2331,1977
,,,
196044029,2030,2261,1969
,,,
196045029,1998,2275,1990
,,,
196046029,1997,2322,1991
,,,
196047029,1995,2324,1994
,,,
196048029,2011,2347,1983
,,,
196049029,1999,2343,1984
,,,
196050029,1890,2324,1998
,,,
196062026,1991,2333,1987
,,,
196063029,2031,2327,1982
,,,
196064029,1989,2320,1986
,,,
196065029,1990,2286,2006
,,,
196066029,1990,2326,1986
,,,
196067029,1987,2327,1987
,,,
196068029,1986,2320,1978
,,,
196069029,2022,2346,1985
,,,
196070029,1981,2333,1990
,,,
196082026,2003,2327,1994
,,,
196083029,2000,2320,1983
,,,
196084029,1993,2319,1983
,,,
196085029,1997,2350,1988
,,,
196086029,1994,2325,1984
,,,
196087029,1986,2333,1983
,,,
196088029,1981,2317,1983
,,,
196089029,1997,2337,1989
,,,
196100026,1999,2334,1990
,,,
196101029,1995,2334,1982
,,,
196102029,1999,2333,1991
,,,
196103029,1997,2347,1978
,,,
196104029,1996,2327,1991
,,,
196105029,2012,2347,1987
,,,
196106029,1999,2320,1987
,,,
196107029,1989,2325,1979
,,,
196119026,2003,2320,1982
,,,
196120029,1989,2320,2001
,,,
196121054,1996,2327,1990
,,,
196122029,2043,2325,1988
,,,
196123029,1995,2321,1991
,,,
196124029,1990,2338,1984
,,,
196125029,1990,2338,1987
,,,
196126029,1986,2337,2001
,,,
196127029,1984,2334,1983
,,,
196139026,1993,2327,1961
,,,
196140029,1997,2323,1994
,,,
196141029,1968,2320,1975
,,,
196142029,1993,2329,1989
,,,
196143029,1993,2327,1989
,,,
196144029,2011,2333,1998
,,,
196145029,2010,2327,1984
,,,
196146029,1985,2327,1983
,,,
196157026,1997,2323,1985
,,,
196158029,2002,2320,1997
,,,
196159029,2006,2326,1985
,,,
196160029,1991,2332,1986
,,,
196161029,1978,2325,1995
,,,
196162029,1985,2323,2025
,,,
196163029,1996,2375,1983
,,,
196164029,2007,2319,1987
,,,
196176026,1987,2332,1983
,,,
196177029,1984,2349,1983
,,,
196178029,1982,2290,1994
,,,
196179029,1984,2330,1991
,,,
196180029,1997,2327,1995
,,,
196181029,1989,2339,1985
,,,
196182029,1995,2339,1984
,,,
196183029,2001,2318,1986
,,,
196184029,1990,2330,1987
,,,
196196026,1998,2333,1983
,,,
196197029,1994,2346,1983
,,,
196198029,1997,2288,1990
,,,
196199029,2015,2325,1984
,,,
196200029,1995,2331,1991
,,,
196201029,1995,2343,1981
,,,
196202029,1991,2333,1980
,,,
196203029,1971,2330,2015
,,,
196214026,1995,2317,1983
,,,
196215029,2002,2331,1984
,,,
196216029,2003,2327,1989
,,,
196217029,2025,2325,1986
,,,
196218029,1991,2329,1985
,,,
196219029,1994,2326,1993
,,,
196220029,1989,2323,1987
,,,
196221029,1967,2337,1946
,,,
196233026,1996,2330,1983
,,,
196234029,2003,2320,1986
,,,
196235029,2001,2323,1999
,,,
196236029,2002,2321,1974
,,,
196237029,2000,2331,1986
,,,
196238029,2000,2331,1987
,,,
196239029,2031,2323,1994
,,,
196240029,1995,2317,1985
,,,
196241029,1991,2362,1994
,,,
196253026,1989,2331,1993
,,,
196254029,1995,2337,2000
,,,
196255037,1998,2323,1984
,,,
196256029,1995,2324,1991
,,,
196257029,2032,2321,1953
,,,
196258029,1997,2331,1986
,,,
196259029,1981,2336,1993
,,,
196260029,2000,2315,1979
,,,
196271026,1993,2338,1996
,,,
196272029,1995,2332,1998
,,,
196273029,2000,2323,1996
,,,
196274029,1991,2333,1986
,,,
196275029,1996,2339,1989
,,,
196276029,1999,2320,1984
,,,
196277029,1987,2322,1981
,,,
196278029,1998,2327,1991
,,,
196290026,1999,2320,2001
,,,
196291029,1982,2330,2000
,,,
196292029,1995,2322,1983
,,,
196293029,1986,2319,1995
,,,
196294029,2017,2326,1979
,,,
196295029,1990,2321,1994
,,,
196296029,2000,2321,1989
,,,
196297029,2003,2327,1968
,,,
196298029,2026,2323,1983
,,,
196310026,1989,2326,1990
,,,
196311029,1981,2325,1987
,,,
196312029,1999,2326,1993
,,,
196313029,1990,2323,1988
,,,
196314029,1995,2330,2012
,,,
196315029,1983,2335,1985
,,,
196316029,1990,2289,1997
,,,
196317029,2003,2327,1973
,,,
196328026,2001,2337,1983
,,,
196329029,2019,2333,1985
,,,
196330029,1999,2336,1981
,,,
196331029,1991,2320,1991
,,,
196332029,2000,2332,1964
,,,
196333029,1998,2330,2000
,,,
196334029,1993,2321,1987
,,,
196335029,1997,2314,1984
,,,
196347026,1985,2327,1985
,,,
196348029,1990,2352,1984
,,,
196349029,2001,2333,1973
,,,
196350029,2002,2214,1984
,,,
196351029,1999,2327,1979
,,,
196352029,1993,2310,1987
,,,
196353029,1994,2321,1984
,,,
196354029,1999,2322,2000
,,,
196355029,2002,2334,1990
,,,
196367026,1990,2352,1995
,,,
196368029,1999,2322,1990
,,,
196369029,1988,2330,1990
,,,
196370029,1994,2336,1983
,,,
196371029,2000,2331,2009
,,,
196372029,1996,2329,1980
,,,
196373029,1995,2325,1989
,,,
196374029,2032,2333,2035
,,,
196385026,1987,2317,1986
,,,
196386029,2000,2326,1997
,,,
196387029,1989,2315,1994
,,,
196388029,1997,2322,1994
,,,
196389029,1994,2320,1983
,,,
196390029,1996,2323,1988
,,,
196391029,1990,2326,1990
,,,
196392029,1994,2332,2075
,,,
196404026,1994,2333,1985
,,,
196405029,2001,2320,1985
,,,
196406029,1998,2320,1999
,,,
196407029,2000,2320,2000
,,,
196408029,1997,2320,1979
,,,
196409029,2020,2342,1998
,,,
196410029,1994,2331,1989
,,,
196411029,2000,2321,1971
,,,
196412029,1991,2321,1995
,,,
196424026,2002,2325,1999
,,,
196425029,2018,2323,1999
,,,
196426029,1987,2321,1984
,,,
196427029,1997,2310,1994
,,,
196428029,2000,2327,1974
,,,
196429029,1973,2340,1983
,,,
196430029,2000,2320,1987
,,,
196431029,1949,2335,1985
,,,
196442026,2010,2256,2073
,,,
196443029,1991,2322,1991
,,,
196444029,1987,2335,1988
,,,
196445029,1999,2330,1994
,,,
196446029,1984,2326,1965
,,,
196447029,1986,2319,1975
,,,
196448029,1995,2326,1985
,,,
196449029,1987,2321,1984
,,,
196461026,1893,2323,1988
,,,
196462029,1979,2319,1987
,,,
196463029,2003,2351,1990
,,,
196464029,1985,2335,1981
,,,
196465029,1990,2336,1985
,,,
196466029,1994,2317,1981
,,,
196467029,1995,2326,1994
,,,
196468029,1999,2336,1979
,,,
196469029,1988,2319,1987
,,,
196481026,1999,2331,1969
,,,
196482029,1995,2320,1987
,,,
196483029,1996,2326,1990
,,,
196484029,1999,2320,1989
,,,
196485029,2000,2274,1989
,,,
196486029,2015,2329,1975
,,,
196487029,1995,2331,1986
,,,
196488029,1997,2334,1987
,,,
196499026,1994,2318,1995
,,,
196500029,1985,2317,1991
,,,
196501029,1990,2329,1979
,,,
196502029,1982,2329,1987
,,,
196503029,1988,2320,1978
,,,
196504029,1994,2320,2000
,,,
196505029,1996,2326,1989
,,,
196506029,2002,2333,1978
,,,
196518026,2000,2336,1984
,,,
196519029,1993,2320,1983
,,,
196520029,1987,2326,1983
,,,
196521029,1997,2320,1995
,,,
196522029,1999,2331,1995
,,,
196523029,2005,2323,1981
,,,
196524029,1993,2326,1995
,,,
196525029,1994,2325,1991
,,,
196526029,2002,2334,1985
,,,
196538026,1987,2338,1989
,,,
196539029,1933,2322,1979
,,,
196540029,2001,2334,1987
,,,
196541029,2000,2320,1985
,,,
196542029,1983,2331,1990
,,,
196543029,1969,2326,1979
,,,
196544029,1998,2317,1991
,,,
196545029,2000,2320,1994
,,,
196556026,1987,2322,1987
,,,
196557029,1994,2331,2009
,,,
196558029,1936,2321,1986
,,,
196559029,1986,2323,1991
,,,
196560029,1984,2317,1998
,,,
196561029,1967,2335,2003
,,,
196562029,1985,2321,1987
,,,
196563029,1991,2321,1985
,,,
196575026,1947,2338,1985
,,,
196576029,1996,2323,1990
,,,
196577029,1995,2334,1979
,,,
196578029,1995,2333,1963
,,,
196579038,1993,2327,1986
,,,
196580029,2026,2322,1984
,,,
196581029,1997,2331,1982
,,,
196582029,1974,2320,1987
,,,
196583029,1991,2327,1983
,,,
196595026,1997,2333,1984
,,,
196596029,1995,2335,1984
,,,
196597029,1995,2323,1986
,,,
196598029,1986,2324,1949
,,,
196599029,1987,2320,1982
,,,
196600029,1979,2326,1993
,,,
196601029,1993,2334,1989
,,,
196602029,1947,2326,1982
,,,
196613026,2000,2326,1987
,,,
196614029,1991,2331,2031
,,,
196615029,1989,2327,1986
,,,
196616029,1983,2320,2006
,,,
196617029,1995,2333,1969
,,,
196618029,1983,2323,1995
,,,
196619029,2001,2337,1993
,,,
196620029,2000,2331,1952
,,,
196632026,1991,2320,1995
,,,
196633029,1981,2315,1991
,,,
196634029,2000,2329,1986
,,,
196635029,2015,2319,1987
,,,
196636029,1987,2327,1988
,,,
196637029,1990,2335,1989
,,,
196638029,2000,2335,1971
,,,
196639029,1997,2331,1982
,,,
196640029,1987,2333,1994
,,,
196652026,1995,2320,1984
,,,
196653029,2000,2330,1984
,,,
196654029,1998,2322,1995
,,,
196655029,1987,2313,1985
,,,
196656029,2000,2336,1985
,,,
196657029,1994,2336,2001
,,,
196658029,1998,2317,1984
,,,
196659029,2000,2325,1997
,,,
196670026,1997,2320,1986
,,,
196671029,2055,2329,1991
,,,
196672029,1988,2334,1981
,,,
196673029,2001,2323,1991
,,,
196674029,2002,2320,1975
,,,
196675029,2000,2338,1995
,,,
196676029,2023,2325,1984
,,,
196677029,1993,2329,1983
,,,
196689026,2007,2346,1989
,,,
196690029,1994,2325,1985
,,,
196691029,1995,2319,1968
,,,
196692029,1991,2330,1990
,,,
196693029,2012,2327,1983
,,,
196694029,1968,2324,1989
,,,
196695029,1990,2336,1999
,,,
196696029,1989,2326,1983
,,,
196697029,1989,2331,1983
,,,
196709026,1996,2325,1984
,,,
196710029,1990,2329,1991
,,,
196711029,1989,2320,2019
,,,
196712029,1991,2332,1985
,,,
196713029,1999,2320,1983
,,,
196714029,2000,2332,1983
,,,
196715029,1993,2335,2000
,,,
196716029,1931,2329,1995
,,,
196727026,2002,2331,1983
,,,
196728029,2011,2330,1999
,,,
196729029,1991,2335,2000
,,,
196730029,1996,2320,2009
,,,
196731029,1981,2315,1983
,,,
196732029,1992,2329,2000
,,,
196733029,1997,2330,1986
,,,
196734029,1991,2325,1982
,,,
196746026,1997,2321,1968
,,,
196747029,2007,2322,1985
,,,
196748029,1991,2327,1989
,,,
196749029,1954,2335,1984
,,,
196750029,1995,2317,1984
,,,
196751029,2004,2325,1985
,,,
196752029,2000,2320,1984
,,,
196753029,1997,2320,1972
,,,
196754029,1989,2319,1981
,,,
196766026,2003,2318,1990
,,,
196767029,1995,2325,1968
,,,
196768029,1991,2330,1956
,,,
196769029,1997,2326,1981
,,,
196770029,1987,2332,1991
,,,
196771029,1968,2327,1984
,,,
196772029,1992,2330,1999
,,,
196773029,1991,2322,1989
,,,
196784026,1997,2337,1991
,,,
196785029,1989,2328,1983
,,,
196786029,1989,2341,1986
,,,
196787029,1995,2319,1986
,,,
196788029,1991,2327,1988
,,,
196789029,2000,2333,1981
,,,
196790029,1987,2326,1991
,,,
196791029,1995,2331,2001
,,,
196803026,1995,2334,1996
,,,
196804029,1987,2331,1947
,,,
196805029,2000,2321,1987
,,,
196806029,2018,2340,1982
,,,
196807029,1997,2320,1969
,,,
196808029,1963,2323,1988
,,,
196809029,2003,2325,1992
,,,
196810029,2000,2330,1991
,,,
196811029,1991,2332,1986
,,,
196823026,2023,2331,1997
,,,
196824029,1997,2325,1991
,,,
196825029,1989,2338,1986
,,,
196826029,1989,2330,1984
,,,
196827029,1985,2320,1994
,,,
196828029,1994,2333,1987
,,,
196829029,1989,2325,1983
,,,
196830029,1998,2325,1985
,,,
196841026,1988,2335,1981
,,,
196842029,1991,2323,1990
,,,
196843029,1999,2333,1971
,,,
196844029,2000,2325,1993
,,,
196845029,1998,2325,1979
,,,
196846029,1989,2326,1983
,,,
196847029,1992,2319,1989
,,,
196848029,1999,2333,1987
,,,
196860026,2041,2322,1978
,,,
196861029,2016,2318,1985
,,,
196862029,1995,2325,1987
,,,
196863029,1962,2334,1990
,,,
196864029,2000,2334,1991
,,,
196865029,1984,2335,1987
,,,
196866029,1986,2333,1991
,,,
196867029,1995,2323,1986
,,,
196868029,1987,2330,1986
,,,
196880026,1996,2325,1987
,,,
196881029,1987,2326,1990
,,,
196882029,1985,2323,1989
,,,
196883029,1995,2321,1985
,,,
196884029,1997,2319,2054
,,,
196885029,1985,2321,1986
,,,
196886029,1984,2335,1973
,,,
196887029,1988,2350,1981
,,,
196898026,2001,2326,1990
,,,
196899029,1973,2333,1984
,,,
196900029,1995,2333,1985
,,,
196901029,1992,2333,1987
,,,
196902029,2000,2335,1984
,,,
196903029,2003,2323,1985
,,,
196904029,1988,2320,1984
,,,
196905029,1991,2321,1990
,,,
196917026,1999,2330,1975
,,,
196918029,1994,2329,1998
,,,
196919029,1998,2321,1991
,,,
196920029,1936,2322,1981
,,,
196921029,2000,2336,1981
,,,
196922029,1999,2327,1987
,,,
196923029,1986,2320,1993
,,,
196924029,1997,2327,2000
,,,
196925029,1989,2330,1985
,,,
196937026,1994,2322,1990
,,,
196938029,1985,2322,1987
,,,
196939029,1987,2325,1987
,,,
196940029,1990,2325,1984
,,,
196941029,1983,2320,1983
,,,
196942029,1987,2327,1983
,,,
196943029,1994,2321,1984
,,,
196944029,1984,2327,1989
,,,
196955026,1993,2327,1994
,,,
196956029,1997,2321,1989
,,,
196957029,1993,2323,1984
,,,
196958029,1995,2322,1993
,,,
196959029,1995,2323,1988
,,,
196960029,1984,2327,1983
,,,
196961029,1980,2321,1987
,,,
196962029,1990,2324,1987
,,,
196974026,1985,2331,1994
,,,
196975029,1994,2326,1982
,,,
196976029,2000,2337,1993
,,,
196977029,2001,2327,1989
,,,
196978029,1997,2337,1982
,,,
196979029,1995,2325,1997
,,,
196980029,1996,2327,1987
,,,
196981029,1995,2318,1998
,,,
196982029,1988,2321,1985
,,,
196994026,1994,2325,1995
,,,
196995029,1984,2327,1983
,,,
196996029,1994,2330,1989
,,,
196997029,1999,2325,1989
,,,
196998029,1989,2330,1999
,,,
196999029,1999,2325,1993
,,,
197000029,1999,2329,1989
,,,
197001029,1982,2330,1983
,,,
197012026,2000,2325,1993
,,,
197013029,1987,2328,1983
,,,
197014029,1980,2323,1985
,,,
197015029,2037,2320,1995
,,,
197016029,1985,2320,1989
,,,
197017029,1983,2342,1985
,,,
197018029,1997,2325,1986
,,,
197019029,2000,2333,1989
,,,
197031026,2000,2323,2000
,,,
197032029,2009,2336,1980
,,,
197033029,1990,2320,1981
,,,
197034029,1935,2329,1984
,,,
197035029,2005,2321,1987
,,,
197036029,2001,2321,1996
,,,
197037029,1988,2329,1978
,,,
197038029,1985,2341,1989
,,,
197039029,1984,2333,1985
,,,
197051026,1995,2318,1997
,,,
197052029,2000,2334,1989
,,,
197053029,2001,2335,1995
,,,
197054029,1999,2318,1991
,,,
197055029,1996,2327,1984
,,,
197056029,1991,2330,1989
,,,
197057029,1995,2330,1984
,,,
197058029,1995,2323,1986
,,,
197069026,1978,2320,1974
,,,
197070029,2000,2319,1986
,,,
197071029,1997,2330,1997
,,,
197072029,1989,2326,1989
,,,
197073029,2000,2331,1983
,,,
197074029,2000,2320,2000
,,,
197075029,2000,2323,1986
,,,
197076029,1995,2336,1990
,,,
197088026,2016,2345,1984
,,,
197089029,1985,2335,1977
,,,
197090029,1989,2330,1979
,,,
197091029,1985,2345,1993
,,,
197092029,1977,2336,1978
,,,
197093029,1994,2326,1984
,,,
197094029,1993,2325,1983
,,,
197095029,1997,2326,1989
,,,
197096029,1993,2318,1986
,,,
197108026,2010,2336,1994
,,,
197109029,1998,2318,1989
,,,
197110029,2000,2329,1999
,,,
197111029,1988,2320,1990
,,,
197112029,1987,2330,1987
,,,
197113029,1991,2322,1979
,,,
197114029,2003,2320,1983
,,,
197115029,1990,2334,1993
,,,
197126026,1991,2334,1989
,,,
197127029,1991,2320,1989
,,,
197128029,1993,2331,1990
,,,
197129029,1988,2325,1983
,,,
197130029,1988,2326,1985
,,,
197131029,2000,2332,1984
,,,
197132029,2000,2329,1983
,,,
197133029,1993,2321,1989
,,,
197145026,1970,2333,1971
,,,
197146029,1985,2334,1984
,,,
197147029,1971,2330,1985
,,,
197148029,2000,2320,1998
,,,
197149049,1990,2323,1983
,,,
197150029,1995,2330,1987
,,,
197151029,1979,2334,2006
,,,
197152029,1993,2320,1987
,,,
197153029,1994,2333,1997
,,,
197165026,2000,2327,1970
,,,
197166029,1991,2326,1986
,,,
197167029,2000,2337,2000
,,,
197168029,1984,2333,2023
,,,
197169029,1989,2320,1985
,,,
197170029,1998,2329,1978
,,,
197171029,1984,2320,1987
,,,
197172029,2000,2327,1991
,,,
197183026,1993,2333,1986
,,,
197184029,1999,2320,1991
,,,
197185029,1987,2325,1984
,,,
197186029,1987,2321,1987
,,,
197187029,1998,2327,2000
,,,
197188029,1985,2336,1990
,,,
197189029,1994,2322,1982
,,,
197190029,2000,2326,1983
,,,
197202026,1991,2323,2004
,,,
197203029,2001,2330,1981
,,,
197204029,1984,2338,1991
,,,
197205029,1978,2327,1993
,,,
197206029,1989,2329,1985
,,,
197207029,1995,2319,1991
,,,
197208029,1977,2331,1989
,,,
197209029,1986,2334,1997
,,,
197210029,1999,2335,2014
,,,
197222026,1995,2327,1995
,,,
197223029,2002,2318,1988
,,,
197224029,1993,2320,1985
,,,
197225029,1995,2330,1991
,,,
197226029,2000,2323,1980
,,,
197227029,1987,2336,1984
,,,
197228029,1986,2309,1979
,,,
197229029,1990,2337,1985
,,,
197240026,1995,2320,1990
,,,
197241029,2002,2314,1987
,,,
197242029,1993,2320,1993
,,,
197243029,1998,2329,1986
,,,
197244029,1995,2326,1984
,,,
197245029,1997,2329,1999
,,,
197246029,1983,2327,1979
,,,
197247029,1999,2339,1975
,,,
197259026,1998,2330,1983
,,,
197260029,1990,2338,1983
,,,
197261029,2000,2326,1985
,,,
197262029,2036,2333,1989
,,,
197263029,1984,2338,1990
,,,
197264029,1997,2343,1985
,,,
197265029,1989,2320,1995
,,,
197266029,1991,2331,1987
,,,
197267029,2000,2322,1985
,,,
197279026,1991,2335,1982
,,,
197280029,1986,2331,1985
,,,
197281029,1986,2326,1975
,,,
197282029,1999,2325,1984
,,,
197283029,1987,2335,1951
,,,
197284029,1995,2330,1991
,,,
197285029,1985,2328,1987
,,,
197286029,1989,2323,2002
,,,
197297026,2000,2331,1987
,,,
197298029,1986,2321,1975
,,,
197299029,2000,2325,1988
,,,
197300029,1999,2320,2000
,,,
197301029,1987,2338,1994
,,,
197302029,1987,2330,1990
,,,
197303029,1993,2321,1984
,,,
197304029,1995,2320,1990
,,,
197316026,1990,2335,1967
,,,
197317029,1991,2324,1986
,,,
197318029,1983,2345,1978
,,,
197319029,1989,2318,1936
,,,
197320029,1999,2320,1990
,,,
197321029,2001,2320,1990
,,,
197322029,1990,2335,1969
,,,
197323029,1987,2352,1993
,,,
197324029,1995,2323,1997
,,,
197336026,1989,2343,1986
,,,
197337029,1991,2336,1987
,,,
197338029,1985,2331,1978
,,,
197339066,1993,2319,2002
,,,
197340029,1989,2331,1983
,,,
197341029,1986,2327,1995
,,,
197342029,1996,2339,1981
,,,
197343029,1994,2331,1983
,,,
197354026,1995,2324,1972
,,,
197355029,2000,2320,1994
,,,
197356029,1994,2327,1983
,,,
197357029,2000,2320,1987
,,,
197358029,1998,2319,1987
,,,
197359029,1991,2347,1986
,,,
197360029,1991,2319,1990
,,,
197361029,2010,2339,1995
,,,
197373026,1999,2322,1997
,,,
197374029,2000,2331,1996
,,,
197375029,1995,2316,1987
,,,
197376029,1985,2324,1971
,,,
197377029,2001,2357,1989
,,,
197378029,1994,2330,1987
,,,
197379029,1994,2323,1987
,,,
197380029,1982,2327,1991
,,,
197381029,1996,2329,1985
,,,
197393026,1991,2317,1982
,,,
197394029,1995,2351,1994
,,,
197395029,1984,2327,1974
,,,
197396029,1973,2338,1984
,,,
197397029,2000,2319,1985
,,,
197398029,1991,2326,1987
,,,
197399029,1995,2323,1989
,,,
197400029,2000,2320,1987
,,,
197411026,1995,2330,1991
,,,
197412029,1991,2322,1988
,,,
197413029,1997,2324,1983
,,,
197414029,2000,2329,1997
,,,
197415029,1984,2333,1965
,,,
197416029,1997,2325,1979
,,,
197417029,1983,2323,2000
,,,
197418029,1985,2321,1971
,,,
197430026,1990,2320,1991
,,,
197431029,1987,2336,1996
,,,
197432029,2000,2315,1994
,,,
197433029,2010,2318,1987
,,,
197434029,1998,2347,1977
,,,
197435029,1999,2334,1990
,,,
197436029,1990,2333,1990
,,,
197437029,1997,2339,1987
,,,
197438029,2001,2320,1980
,,,
197450026,2000,2329,1962
,,,
197451029,1991,2329,2000
,,,
197452029,1980,2323,1986
,,,
197453029,1988,2327,1983
,,,
197454029,2000,2320,1987
,,,
197455029,1984,2323,1986
,,,
197456029,2001,2333,1989
,,,
197457029,1987,2342,1981
,,,
197468026,1998,2322,1984
,,,
197469029,1996,2331,1985
,,,
197470029,2023,2333,1985
,,,
197471029,1991,2287,1995
,,,
197472029,1989,2340,2000
,,,
197473029,1998,2327,1995
,,,
197474029,2000,2332,1995
,,,
197475029,1999,2320,1984
,,,
197487026,1991,2326,1977
,,,
197488029,1995,2322,1988
,,,
197489029,1997,2330,1990
,,,
197490029,1970,2338,1975
,,,
197491029,1986,2320,1989
,,,
197492029,1995,2324,2000
,,,
197493029,1979,2334,2014
,,,
197494029,1992,2311,1998
,,,
197495029,2000,2315,1979
,,,
197507026,1989,2325,2000
,,,
197508029,1991,2342,1988
,,,
197509029,1999,2321,1980
,,,
197510029,1995,2320,1968
,,,
197511029,1996,2320,1987
,,,
197512029,1986,2324,1985
,,,
197513029,1997,2323,1986
,,,
197514029,1983,2321,1995
,,,
197525026,1995,2328,1989
,,,
197526029,1994,2307,1984
,,,
197527029,1982,2325,1990
,,,
197528029,2000,2327,1993
,,,
197529029,2000,2324,1998
,,,
197530029,1990,2321,1988
,,,
197531029,1990,2327,1981
,,,
197532029,1998,2330,1997
,,,
197544026,1985,2329,1989
,,,
197545029,1987,2327,1984
,,,
197546029,1994,2322,1999
,,,
197547029,1991,2327,1993
,,,
197548029,1990,2324,1979
,,,
197549029,2000,2321,1987
,,,
197550029,1985,2321,1983
,,,
197551029,1993,2325,1983
,,,
197552029,1987,2322,1985
,,,
197564026,1991,2322,1985
,,,
197565029,1994,2330,1979
,,,
197566029,1996,2336,1978
,,,
197567029,1994,2329,1993
,,,
197568029,2000,2326,1995
,,,
197569029,2033,2331,1986
,,,
197570029,2007,2327,1986
,,,
197571029,1994,2338,1981
,,,
197582026,1994,2341,1993
,,,
197583029,1991,2337,1980
,,,
197584029,1993,2314,1984
,,,
197585029,1998,2320,1989
,,,
197586029,2000,2330,1993
,,,
197587029,1987,2346,1988
,,,
197588029,1993,2291,1987
,,,
197589029,1990,2330,1983
,,,
197601026,1989,2324,1998
,,,
197602029,1997,2298,1988
,,,
197603029,1997,2327,1984
,,,
197604029,1983,2339,1979
,,,
197605029,1997,2327,1985
,,,
197606029,2000,2322,1975
,,,
197607029,2019,2338,1987
,,,
197608029,2003,2331,1984
,,,
197609029,2000,2330,1984
,,,
197621026,1999,2326,1995
,,,
197622029,1995,2417,1991
,,,
197623029,1999,2334,1984
,,,
197624029,2014,2338,1991
,,,
197625029,1993,2333,1997
,,,
197626029,1995,2327,1999
,,,
197627029,2000,2327,1983
,,,
197628029,1986,2327,1993
,,,
197639026,1984,2351,1993
,,,
197640029,1988,2333,1983
,,,
197641029,2000,2330,1995
,,,
197642029,1987,2333,1987
,,,
197643029,2002,2333,1989
,,,
197644029,1997,2321,1978
,,,
197645029,1998,2333,1980
,,,
197646029,1991,2336,1993
,,,
197658026,1974,2339,1991
,,,
197659029,2000,2303,1989
,,,
197660029,1995,2332,1984
,,,
197661029,1998,2339,1995
,,,
197662029,1994,2333,1985
,,,
197663029,1994,2255,1995
,,,
197664029,2000,2334,1984
,,,
197665029,1989,2326,1985
,,,
197666029,2005,2314,1985
,,,
197678026,2010,2329,1993
,,,
197679029,1999,2330,1983
,,,
197680029,2014,2323,1962
,,,
197681029,2000,2326,1979
,,,
197682029,1986,2325,1969
,,,
197683029,2000,2290,1994
,,,
197684029,1991,2321,1982
,,,
197685029,1999,2334,1986
,,,
197686029,1995,2320,1982
,,,
197698026,1995,2331,1981
,,,
197699029,1998,2329,1977
,,,
197700029,1989,2326,1985
,,,
197701029,1995,2337,2001
,,,
197702029,1995,2304,2000
,,,
197703029,1994,2317,1975
,,,
197704029,1997,2335,1986
,,,
197705029,1991,2320,1978
,,,
197717026,2059,2329,1990
,,,
197718029,1999,2337,1981
,,,
197719029,1991,2332,1997
,,,
197720029,1971,2335,2000
,,,
197721029,1994,2329,1999
,,,
197722029,1998,2324,1987
,,,
197723029,1931,2331,2027
,,,
197724029,1998,2325,1984
,,,
197725029,1997,2311,1991
,,,
197737026,1991,2330,1967
,,,
197738029,1993,2333,2000
,,,
197739029,2000,2319,1987
,,,
197740029,1999,2333,1987
,,,
197741029,2000,2328,1987
,,,
197742029,1991,2347,1983
,,,
197743029,1990,2326,1985
,,,
197744029,2000,2337,1985
,,,
197755026,2000,2320,1986
,,,
197756029,1991,2334,1984
,,,
197757029,1998,2343,1985
,,,
197758029,1996,2339,1986
,,,
197759029,1999,2334,1987
,,,
197760029,1983,2320,1977
,,,
197761029,1984,2329,1984
,,,
197762029,1997,2339,1983
,,,
197774026,2000,2330,1989
,,,
197775029,1973,2321,1991
,,,
197776029,1990,2324,1984
,,,
197777029,2034,2331,1986
,,,
197778029,2000,2321,1993
,,,
197779029,2001,2326,1987
,,,
197780029,2022,2338,1999
,,,
197781029,1991,2320,1984
,,,
197782029,1999,2326,1983
,,,
197794026,2000,2324,2000
,,,
197795029,2000,2328,1993
,,,
197796029,1987,2331,1984
,,,
197797029,2029,2332,1987
,,,
197798029,1996,2331,1997
,,,
197799029,1995,2333,1984
,,,
197800029,1991,2370,1987
,,,
197801029,2000,2331,1987
,,,
197812026,1993,2325,1983
,,,
197813029,1989,2323,1989
,,,
197814029,1987,2320,1999
,,,
197815029,1987,2334,1979
,,,
197816029,1984,2336,1994
,,,
197817029,1991,2255,1990
,,,
197818029,1995,2322,1994
,,,
197819029,1992,2325,1999
,,,
197831026,1986,2320,1982
,,,
197832029,2000,2321,1974
,,,
197833029,1990,2332,1983
,,,
197834029,1993,2326,1996
,,,
197835029,1983,2330,1978
,,,
197836029,1997,2324,1984
,,,
197837029,1987,2331,1994
,,,
197838029,1989,2329,1990
,,,
197839029,2000,2321,1978
,,,
197851026,2001,2333,1989
,,,
197852029,2001,2333,1994
,,,
197853029,1986,2321,1984
,,,
197854029,1987,2316,1994
,,,
197855029,1987,2305,1990
,,,
197856029,1984,2321,1975
,,,
197857029,2000,2337,1977
,,,
197858029,1990,2320,1981
,,,
197869026,1997,2323,1989
,,,
197870029,2005,2320,1994
,,,
197871029,1993,2337,1992
,,,
197872029,1995,2330,1971
,,,
197873029,1994,2326,1986
,,,
197874029,1999,2335,1990
,,,
197875029,1985,2331,1983
,,,
197876029,2005,2326,1983
,,,
197888026,1993,2338,1979
,,,
197889029,1984,2323,1990
,,,
197890029,1997,2335,1979
,,,
197891029,1972,2320,1983
,,,
197892029,1994,2347,1979
,,,
197893029,2004,2346,1981
,,,
197894029,1987,2325,1986
,,,
197895029,1994,2334,1982
,,,
197896029,1984,2320,1994
,,,
197908026,1998,2337,1999
,,,
197909029,1997,2275,1985
,,,
197910029,1994,2327,1999
,,,
197911029,1993,2320,1986
,,,
197912029,1986,2330,1983
,,,
197913029,1986,2332,1991
,,,
197914029,1998,2314,1985
,,,
197915029,1989,2327,1987
,,,
197926026,1987,2288,1993
,,,
197927029,1995,2322,2000
,,,
197928029,1984,2335,1990
,,,
197929029,1984,2323,1985
,,,
197930029,1997,2323,1982
,,,
197931029,1981,2312,1997
,,,
197932029,1997,2328,1982
,,,
197933029,1993,2322,1969
,,,
197945026,1995,2320,1990
,,,
197946029,1975,2331,1983
,,,
197947029,1990,2321,2021
,,,
197948029,1986,2294,1977
,,,
197949029,1998,2333,1991
,,,
197950029,1999,2331,1996
,,,
197951029,1999,2323,1987
,,,
197952029,1987,2333,1977
,,,
197953029,2002,2325,1981
,,,
197965026,1987,2320,1984
,,,
197966029,1991,2319,1990
,,,
197967029,1986,2335,1984
,,,
197968029,1992,2319,1981
,,,
197969029,1993,2325,1983
,,,
197970029,2003,2333,1988
,,,
197971029,1985,2325,1983
,,,
197972029,2000,2368,1981
,,,
197983026,1997,2343,1985
,,,
197984029,1990,2346,1984
,,,
197985029,1993,2334,1968
,,,
197986029,1990,2330,1982
,,,
197987029,1989,2334,1985
,,,
197988029,1986,2325,1982
,,,
197989029,1987,2323,1961
,,,
197990029,2018,2333,1984
,,,
198002026,1994,2331,1991
,,,
198003029,1985,2314,1984
,,,
198004029,1993,2318,1995
,,,
198005029,1991,2320,1990
,,,
198006029,1987,2287,1997
,,,
198007029,1990,2318,1982
,,,
198008029,1985,2326,1984
,,,
198009029,1986,2317,1983
,,,
198010029,1993,2331,1991
,,,
198022026,1990,2319,1987
,,,
198023029,1998,2327,1990
,,,
198024029,1984,2320,1978
,,,
198025029,1993,2336,1984
,,,
198026029,1990,2327,1989
,,,
198027029,1990,2323,1982
,,,
198028029,1999,2322,1984
,,,
198029029,2000,2322,1984
,,,
198040026,1987,2326,1986
,,,
198041029,1991,2351,1987
,,,
198042029,1997,2316,1973
,,,
198043029,1987,2321,1987
,,,
198044029,2000,2321,1984
,,,
198045029,1998,2320,1986
,,,
198046029,1986,2322,1999
,,,
198047029,1993,2331,1991
,,,
198059026,1993,2323,1989
,,,
198060029,1991,2322,1984
,,,
198061029,1995,2330,1981
,,,
198062029,1991,2333,1989
,,,
198063029,2000,2320,1983
,,,
198064029,1987,2320,1994
,,,
198065029,1989,2319,1987
,,,
198066029,1995,2321,1984
,,,
198067029,1998,2333,1984
,,,
198079026,1988,2329,1991
,,,
198080029,1999,2321,1995
,,,
198081029,1984,2335,1991
,,,
198082029,1999,2333,1971
,,,
198083029,1993,2324,2000
,,,
198084029,1984,2341,1984
,,,
198085029,1993,2334,1985
,,,
198086029,2005,2325,1989
,,,
198097026,1991,2325,1989
,,,
198098029,2000,2377,1983
,,,
198099029,1996,2332,1984
,,,
198100029,1987,2256,1995
,,,
198101029,1997,2327,2002
,,,
198102029,1997,2324,1986
,,,
198103029,1975,2324,1990
,,,
198104029,2003,2339,1989
,,,
198116026,1996,2327,1993
,,,
198117029,2000,2323,1991
,,,
198118029,2000,2334,1998
,,,
198119029,1987,2323,1994
,,,
198120029,1990,2327,1985
,,,
198121029,1998,2325,1999
,,,
198122029,2017,2318,1981
,,,
198123029,1997,2323,1992
,,,
198124029,1983,2364,1994
,,,
198136026,1987,2327,1998
,,,
198137029,1991,2327,1984
,,,
198138029,1984,2327,1982
,,,
198139029,1988,2331,1987
,,,
198140029,1989,2321,1994
,,,
198141029,1989,2319,1984
,,,
198142029,1990,2323,1986
,,,
198143029,1999,2336,1984
,,,
198154026,1997,2320,1987
,,,
198155029,1988,2323,1987
,,,
198156029,1990,2320,1984
,,,
198157029,2000,2320,1993
,,,
198158029,1983,2320,2000
,,,
198159029,1993,2326,1975
,,,
198160029,1990,2329,1981
,,,
198161029,1985,2329,1981
,,,
198173026,2000,2288,1990
,,,
198174029,1997,2331,2000
,,,
198175029,1981,2328,1995
,,,
198176029,1997,2326,1983
,,,
198177029,1998,2365,1985
,,,
198178029,1989,2330,1985
,,,
198179029,1995,2319,1991
,,,
198180029,1985,2333,1985
,,,
198181029,2000,2326,1984
,,,
198193026,1983,2327,1997
,,,
198194029,1990,2327,1982
,,,
198195029,1995,2326,1995
,,,
198196029,1989,2338,1984
,,,
198197029,1986,2322,1977
,,,
198198029,1991,2337,1986
,,,
198199029,1989,2334,2000
,,,
198200029,1991,2327,1985
,,,
198211026,1999,2325,1990
,,,
198212029,1990,2320,1987
,,,
198213029,1983,2331,1988
,,,
198214029,2002,2335,1995
,,,
198215029,1986,2321,1984
,,,
198216029,1995,2322,1974
,,,
198217029,1981,2326,1997
,,,
198218029,1997,2321,1973
,,,
198230026,1994,2336,1998
,,,
198231029,2001,2325,1983
,,,
198232029,1996,2311,1983
,,,
198233029,1987,2324,1991
,,,
198234029,1993,2340,1991
,,,
198235029,1990,2336,1985
,,,
198236029,1999,2320,1993
,,,
198237029,1979,2322,1984
,,,
198238029,1981,2326,1984
,,,
198250026,2003,2320,1981
,,,
198251029,1991,2326,1987
,,,
198252029,1999,2331,1990
,,,
198253029,1987,2311,1979
,,,
198254029,2000,2320,1985
,,,
198255029,1984,2346,1989
,,,
198256029,1989,2323,1979
,,,
198257029,2000,2319,1993
,,,
198268026,1985,2304,1975
,,,
198269029,1993,2374,2000
,,,
198270029,1996,2334,1989
,,,
198271029,1999,2319,1995
,,,
198272029,1997,2333,1979
,,,
198273029,1997,2322,2000
,,,
198274029,1991,2332,1982
,,,
198275029,1998,2326,1994
,,,
198287026,1993,2317,1991
,,,
198288029,2000,2329,1994
,,,
198289063,1978,2318,1990
,,,
198290029,1985,2322,1977
,,,
198291029,1990,2334,1988
,,,
198292029,1994,2329,1986
,,,
198293029,1998,2326,1997
,,,
198294029,1991,2338,1998
,,,
198295029,1993,2336,1990
,,,
198307026,1971,2326,1988
,,,
198308029,1984,2330,1991
,,,
198309029,1990,2336,2000
,,,
198310029,1990,2335,1990
,,,
198311029,1995,2329,1986
,,,
198312029,1999,2333,1982
,,,
198313029,1995,2333,1989
,,,
198314029,1999,2321,1990
,,,
198325026,1989,2322,1983
,,,
198326029,1994,2319,1988
,,,
198327029,1994,2321,1982
,,,
198328029,1984,2331,1984
,,,
198329029,2001,2331,1979
,,,
198330029,1995,2330,1985
,,,
198331029,1998,2320,1986
,,,
198332029,1997,2330,2000
,,,
198344026,2001,2324,2007
,,,
198345029,1999,2322,1988
,,,
198346029,1991,2320,1999
,,,
198347029,1919,2327,1988
,,,
198348029,2000,2317,1984
,,,
198349029,2003,2342,1985
,,,
198350029,1994,2334,1989
,,,
198351029,1986,2333,1986
,,,
198352029,1990,2331,1983
,,,
198364026,1997,2323,1991
,,,
198365029,1994,2331,1988
,,,
198366029,1998,2298,1996
,,,
198367029,1986,2319,1983
,,,
198368029,1985,2330,1978
,,,
198369029,1987,2326,1977
,,,
198370029,1982,2320,1985
,,,
198371029,1989,2327,1985
,,,
198382026,1991,2320,1991
,,,
198383029,1984,2347,1978
,,,
198384029,1991,2326,1979
,,,
198385029,1986,2323,1979
,,,
198386029,1991,2338,1983
,,,
198387029,1991,2320,1999
,,,
198388029,1991,2320,1998
,,,
198389029,1993,2325,1990
,,,
198401026,2000,2372,1989
,,,
198402029,1988,2339,1984
,,,
198403029,2001,2322,1973
,,,
198404029,1989,2337,1985
,,,
198405029,1994,2335,1979
,,,
198406029,1996,2334,1979
,,,
198407029,1988,2320,1991
,,,
198408029,1998,2330,1997
,,,
198409029,1984,2311,1985
,,,
198421026,1978,2325,1985
,,,
198422029,1999,2327,1994
,,,
198423029,1989,2326,1991
,,,
198424029,2000,2319,1983
,,,
198425029,1995,2333,1997
,,,
198426029,1994,2334,1998
,,,
198427029,1991,2321,1994
,,,
198428029,2001,2320,1996
,,,
198439026,2001,2331,1982
,,,
198440029,1988,2294,1995
,,,
198441029,2006,2327,1995
,,,
198442029,1995,2323,1989
,,,
198443029,1991,2337,1998
,,,
198444029,1995,2338,1984
,,,
198445029,2000,2324,1982
,,,
198446029,1995,2326,1983
,,,
198458026,1995,2325,1983
,,,
198459029,1988,2321,1984
,,,
198460029,1996,2335,1968
,,,
198461029,1989,2335,1993
,,,
198462029,1997,2326,1991
,,,
198463029,1983,2315,1986
,,,
198464029,1994,2316,1997
,,,
198465029,1995,2330,1985
,,,
198466029,2000,2320,1990
,,,
198478026,1987,2325,1982
,,,
198479029,1990,2335,1989
,,,
198480029,1991,2334,1988
,,,
198481029,1993,2330,2000
,,,
198482029,2000,2320,1983
,,,
198483029,1999,2336,1983
,,,
198484029,1985,2332,1985
,,,
198485029,1983,2325,1987
,,,
198496026,1983,2329,1975
,,,
198497029,1989,2333,1987
,,,
198498029,1995,2338,1985
,,,
198499029,1997,2325,1977
,,,
198500029,2000,2320,1980
,,,
198501029,2000,2334,1996
,,,
198502029,1993,2327,1987
,,,
198503029,1995,2317,1990
,,,
198515026,1984,2320,1989
,,,
198516029,1993,2339,1995
,,,
198517029,1975,2331,2001
,,,
198518029,1997,2322,1989
,,,
198519029,1987,2320,1981
,,,
198520029,1984,2335,1984
,,,
198521029,1988,2327,1989
,,,
198522029,2000,2326,1986
,,,
198523029,1946,2326,1985
,,,
198535026,2005,2326,1991
,,,
198536029,2015,2333,1986
,,,
198537029,1999,2320,1980
,,,
198538029,2014,2336,1986
,,,
198539029,1994,2335,1971
,,,
198540029,2000,2334,1978
,,,
198541029,1983,2337,2002
,,,
198542029,2003,2325,1994
,,,
198553026,1986,2323,1987
,,,
198554029,1987,2356,1982
,,,
198555029,1991,2335,1991
,,,
198556029,1990,2319,1994
,,,
198557029,1997,2320,1989
,,,
198558029,1987,2353,1973
,,,
198559029,2000,2327,1982
,,,
198560029,1999,2340,1999
,,,
198572026,2000,2319,1972
,,,
198573029,1999,2331,1996
,,,
198574029,1998,2334,1983
,,,
198575029,1983,2320,1985
,,,
198576029,1991,2327,1969
,,,
198577029,1993,2335,1982
,,,
198578029,1984,2329,1984
,,,
198579029,1993,2334,1998
,,,
198580029,1998,2324,2000
,,,
198592026,1991,2334,1985
,,,
198593029,1994,2320,1999
,,,
198594029,1986,2330,1983
,,,
198595029,1995,2331,1991
,,,
198596029,2001,2320,1986
,,,
198597029,1987,2323,1995
,,,
198598029,1989,2320,1985
,,,
198599029,1995,2320,1999
,,,
198610026,2000,2325,1986
,,,
198611029,1998,2330,1994
,,,
198612029,1985,2339,1981
,,,
198613029,1988,2329,1984
,,,
198614029,2002,2337,1990
,,,
198615029,1982,2317,1984
,,,
198616029,2001,2326,1983
,,,
198617029,2000,2321,1987
,,,
198629026,1994,2320,1996
,,,
198630029,2000,2324,1993
,,,
198631029,1989,2327,1984
,,,
198632029,1990,2327,1994
,,,
198633029,1989,2325,1994
,,,
198634029,2000,2333,1984
,,,
198635029,1989,2321,2000
,,,
198636029,1989,2331,1984
,,,
198637029,1989,2332,1984
,,,
198649026,1989,2336,1985
,,,
198650029,2001,2324,1990
,,,
198651029,2003,2327,1983
,,,
198652029,2000,2321,1991
,,,
198653029,1993,2336,1986
,,,
198654029,1996,2327,1986
,,,
198655029,1999,2335,1983
,,,
198656029,2000,2305,1973
,,,
198667026,2000,2320,1991
,,,
198668029,1993,2327,1998
,,,
198669033,1987,2317,1988
,,,
198670029,1995,2320,1996
,,,
198671029,2000,2352,1989
,,,
198672029,1987,2325,1993
,,,
198673029,1993,2339,1987
,,,
198674029,1989,2331,1983
,,,
198686026,2002,2314,1979
,,,
198687029,1989,2345,1986
,,,
198688029,1997,2325,1991
,,,
198689029,1999,2322,1989
,,,
198690029,1987,2335,1987
,,,
198691029,1989,2338,1983
,,,
198692029,1987,2320,1982
,,,
198693029,1998,2332,1995
,,,
198694029,1978,2329,1985
,,,
198706026,2007,2323,1996
,,,
198707029,1989,2331,1985
,,,
198708029,1999,2320,1999
,,,
198709029,1993,2328,1994
,,,
198710029,1999,2345,1984
,,,
198711029,1986,2321,1984
,,,
198712029,1989,2318,1989
,,,
198713029,1991,2320,2000
,,,
198724026,1998,2325,1996
,,,
198725029,1990,2337,1985
,,,
198726029,2000,2335,1978
,,,
198727029,1997,2335,1988
,,,
198728029,1987,2324,1984
,,,
198729029,1995,2333,1984
,,,
198730029,1991,2336,2000
,,,
198731029,1994,2325,1993
,,,
198743026,1996,2327,1979
,,,
198744029,1995,2332,1981
,,,
198745029,1981,2318,1982
,,,
198746029,1988,2325,1993
,,,
198747029,1993,2327,1984
,,,
198748029,2000,2339,1987
,,,
198749029,1989,2313,1985
,,,
198750029,1995,2320,1995
,,,
198751029,1994,2326,1990
,,,
198763026,2000,2350,1980
,,,
198764029,2001,2322,1987
,,,
198765029,1989,2333,1991
,,,
198766029,1988,2325,1993
,,,
198767029,2006,2331,1993
,,,
198768029,2000,2334,1980
,,,
198769029,1995,2334,1989
,,,
198770029,2005,2323,1984
,,,
198781026,1989,2336,1993
,,,
198782029,1993,2327,1989
,,,
198783029,1999,2324,1989
,,,
198784029,1989,2321,1987
,,,
198785029,1988,2330,1994
,,,
198786029,1994,2320,1983
,,,
198787029,1999,2325,1990
,,,
198788029,1983,2318,1985
,,,
198800026,1998,2323,1986
,,,
198801029,2003,2325,1989
,,,
198802029,1999,2324,1996
,,,
198803029,1997,2332,1987
,,,
198804029,1981,2326,1997
,,,
198805029,2000,2320,1987
,,,
198806029,1995,2321,1990
,,,
198807029,1999,2318,1991
,,,
198808029,2000,2335,2000
,,,
198820026,2000,2343,2000
,,,
198821029,1979,2326,1978
,,,
198822029,2002,2320,1992
,,,
198823029,1995,2305,1986
,,,
198824029,1983,2321,1987
,,,
198825029,1990,2320,1984
,,,
198826029,1986,2325,1982
,,,
198827029,2000,2320,1979
