15998.0,4095.0
11417998.0,4095.0
11420002.0,4095.0
11421998.0,4095.0
11423998.0,4095.0
11425998.0,4095.0
11427998.0,4095.0
11429998.0,4095.0
11431998.0,4095.0
11433998.0,4095.0
11435998.0,4095.0
11437998.0,4095.0
11449994.0,4095.0
11451998.0,4095.0
11453998.0,4095.0
11455998.0,4095.0
11457998.0,4095.0
11459998.0,4095.0
11461998.0,4095.0
11463998.0,4095.0
11465998.0,4095.0
11467998.0,4095.0
11469998.0,4095.0
11471998.0,4095.0
11473998.0,4095.0
11475998.0,4095.0
11477998.0,4095.0
11479998.0,4095.0
11481998.0,4095.0
11483998.0,4095.0
11485998.0,4095.0
11487998.0,4095.0
11489998.0,4095.0
11491998.0,4095.0
11493998.0,4095.0
11495998.0,4095.0
11497998.0,4095.0
11499998.0,4095.0
11501998.0,4095.0
11503998.0,4095.0
11505998.0,4095.0
11507998.0,4095.0
11509998.0,4095.0
11511998.0,4095.0
11513998.0,4095.0
11515998.0,4078.0
11517998.0,4083.0
11519998.0,4095.0
11521998.0,4095.0
11523998.0,4095.0
11525998.0,4095.0
11527998.0,4067.0
11529998.0,4095.0
11531998.0,4095.0
11533998.0,4095.0
11535998.0,4095.0
11537998.0,4095.0
11539998.0,4095.0
11541998.0,4095.0
11543998.0,4095.0
11545998.0,4095.0
11547998.0,4095.0
11549998.0,4095.0
11551998.0,4095.0
11553998.0,4095.0
11555998.0,4095.0
11557998.0,4095.0
11559998.0,4095.0
11571994.0,4095.0
11573998.0,4095.0
11575998.0,4095.0
11577998.0,4095.0
11579998.0,4095.0
11581998.0,4095.0
11583998.0,4082.0
11585998.0,4095.0
11587998.0,4095.0
11589998.0,4095.0
11591998.0,4095.0
11593998.0,4095.0
11595998.0,4095.0
11597998.0,4095.0
11599998.0,4095.0
11601998.0,4095.0
11603998.0,4095.0
11605998.0,4095.0
11607998.0,4095.0
11609998.0,4095.0
11611998.0,4095.0
11613998.0,4095.0
11615998.0,4095.0
11617998.0,4095.0
11619998.0,4095.0
11621998.0,4095.0
11623998.0,4095.0
11625998.0,4095.0
11627998.0,4095.0
11629998.0,4095.0
11631998.0,4095.0
11633998.0,4095.0
11635998.0,4095.0
11637998.0,4095.0
11639998.0,4095.0
11641998.0,4095.0
11643998.0,4095.0
11645998.0,4095.0
11647998.0,4095.0
11649998.0,4080.0
11651998.0,4095.0
11653998.0,4095.0
11655998.0,4095.0
11657998.0,4095.0
11659998.0,4095.0
11661998.0,4095.0
11663998.0,4095.0
11665998.0,4095.0
11667998.0,4095.0
11669998.0,4095.0
11671998.0,4095.0
11673998.0,4095.0
11675998.0,4095.0
11677998.0,4095.0
11679998.0,4095.0
11681998.0,4095.0
11693994.0,4095.0
11695998.0,4095.0
11697998.0,4095.0
11699998.0,4095.0
11701998.0,4095.0
11703998.0,4095.0
11705998.0,4095.0
11707998.0,4095.0
11709998.0,4095.0
11711998.0,4095.0
11713998.0,4095.0
11715998.0,4095.0
11717998.0,4095.0
11719998.0,4095.0
11721998.0,4095.0
11723998.0,4095.0
11725998.0,4095.0
11727998.0,4095.0
11729998.0,4095.0
11731998.0,4095.0
11733998.0,4095.0
11735998.0,4095.0
11737998.0,4095.0
11739998.0,4095.0
11741998.0,4095.0
11743998.0,4095.0
11745998.0,4095.0
11747998.0,4095.0
11749998.0,4095.0
11751998.0,4095.0
11753998.0,4095.0
11755998.0,4095.0
11757998.0,4095.0
11759998.0,4095.0
11761998.0,4095.0
11763998.0,4095.0
11765998.0,4095.0
11767998.0,4095.0
11769998.0,4095.0
11771998.0,4095.0
11773998.0,4095.0
11775998.0,4095.0
11777998.0,4095.0
11779998.0,4095.0
11781998.0,4095.0
11783998.0,4095.0
11785998.0,4095.0
11787998.0,4095.0
11789998.0,4095.0
11791998.0,4095.0
11793998.0,4095.0
11795998.0,4095.0
11797998.0,4095.0
11799998.0,4095.0
11801998.0,4095.0
11803998.0,4095.0
11815994.0,4095.0
11817998.0,4095.0
11819998.0,4095.0
11821998.0,4095.0
11823998.0,4095.0
11825998.0,4095.0
11827998.0,4095.0
11829998.0,4095.0
11831998.0,4095.0
11833998.0,4095.0
11835998.0,4095.0
11837998.0,4095.0
11839998.0,4095.0
11841998.0,4095.0
11843998.0,4095.0
11845998.0,4095.0
11847998.0,4095.0
11849998.0,4095.0
11851998.0,4095.0
11853998.0,4095.0
11855998.0,4076.0
11857998.0,4095.0
11859998.0,4045.0
11861998.0,4095.0
11863998.0,4095.0
11865998.0,4095.0
11867998.0,4095.0
11869998.0,4095.0
11871998.0,4095.0
11873998.0,4095.0
11875998.0,4095.0
11877998.0,4095.0
11879998.0,4095.0
11881998.0,4095.0
11883998.0,4083.0
11885998.0,4059.0
11887998.0,4095.0
11889998.0,4095.0
11891998.0,4095.0
11893998.0,4091.0
11895998.0,4095.0
11897998.0,4095.0
11899998.0,4095.0
11901998.0,4095.0
11903998.0,4095.0
11905998.0,4095.0
11907998.0,4095.0
11909998.0,4095.0
11911998.0,4095.0
11913998.0,4095.0
11915998.0,4095.0
11917998.0,4095.0
11919998.0,4095.0
11921998.0,4095.0
11923998.0,4095.0
11925998.0,4094.0
11937994.0,4095.0
11939998.0,4095.0
11941998.0,4095.0
11943998.0,4091.0
11945998.0,4095.0
11947998.0,4095.0
11949998.0,4095.0
11951998.0,4095.0
11953998.0,4095.0
11955998.0,4095.0
11957998.0,4095.0
11959998.0,4095.0
11961998.0,4095.0
11963998.0,4095.0
11965998.0,4095.0
11967998.0,4095.0
11969998.0,4095.0
11971998.0,4095.0
11973998.0,4095.0
11975998.0,4095.0
11977998.0,4095.0
11979998.0,4095.0
11981998.0,4095.0
11983998.0,4095.0
11985998.0,4095.0
11987998.0,4095.0
11989998.0,4095.0
11991998.0,4095.0
11993998.0,4095.0
11995998.0,4095.0
11997998.0,4095.0
11999998.0,4095.0
12001998.0,4095.0
12003998.0,4095.0
12005998.0,4095.0
12007998.0,4095.0
12009998.0,4095.0
12011998.0,4095.0
12013998.0,4095.0
12015998.0,4095.0
12017998.0,4095.0
12019998.0,4095.0
12021998.0,4095.0
12023998.0,4095.0
12025998.0,4095.0
12027998.0,4095.0
12029998.0,4095.0
12031998.0,4095.0
12033998.0,4095.0
12035998.0,4095.0
12037998.0,4095.0
12039998.0,4095.0
12041998.0,4095.0
12043998.0,4095.0
12045998.0,4095.0
12047998.0,4095.0
12059994.0,4095.0
12061998.0,4095.0
12063998.0,4095.0
12065998.0,4095.0
12067998.0,4095.0
12069998.0,4095.0
12071998.0,4095.0
12073998.0,4095.0
12075998.0,4095.0
12077998.0,4095.0
12079998.0,4095.0
12081998.0,4095.0
12083998.0,4095.0
12085998.0,4095.0
12087998.0,4095.0
12089998.0,4095.0
12091998.0,4095.0
12093998.0,4095.0
12095998.0,4095.0
12097998.0,4095.0
12099998.0,40095.0
12745998.0,4095.0
12747998.0,4095.0
12749998.0,4095.0
12749998.0,4095.0
12749998.0,4095.0
12749998.0,4095.0
12749998.0,4095.0
12749998.0,4095.0
12749998.0,4095.0
12749998.0,4095.0
12749998.0,4095.0
12749998.0,4095.0
12749998.0,4095.0
12749998.0,4095.0
12749998.0,4095.0
12749998.0,4095.0
12749998.0,4095.0
12749998.0,4095.0
12749998.0,4095.0
12749998.0,4095.0
12749998.0,4095095.0
12753998.0,4095.0
12755998.0,4095.0
12757998.0,4095.0
12759998.0,4095.0
12761998.0,4095.0
12763998.0,4095.0
12765998.0,4095.0
12767998.0,4095.0
12769998.0,4095.0
12771998.0,4095.0
12773998.0,4095.0
12775998.0,4095.0
12777998.0,4095.0
12779998.0,4095.0
12791994.0,4095.0
12793998.0,4095.0
12795998.0,4095.0
12797998.0,4095.0
12799998.0,4095.0
12801998.0,4095.0
12803998.0,4095.0
12805998.0,4095.0
12807998.0,4095.0
12809998.0,4095.0
12811998.0,4095.0
12813998.0,4095.0
12815998.0,4095.0
12817998.0,4095.0
12819998.0,4095.0
12821998.0,4095.0
12823998.0,4095.0
12825998.0,4095.0
12827998.0,4079.0
12829998.0,4095.0
12831998.0,4095.0
12833998.0,4095.0
12835998.0,4095.0
12837998.0,4095.0
12839998.0,4095.0
12841998.0,4095.0
12843998.0,4095.0
12845998.0,4095.0
12847998.0,4095.0
12849998.0,4095.0
12851998.0,4095.0
12853998.0,4095.0
12855998.0,4095.0
12857998.0,4095.0
12859998.0,4095.0
12861998.0,4095.0
12863998.0,4095.0
12865998.0,4095.0
12867998.0,4095.0
12869998.0,4095.0
12871998.0,4095.0
12873998.0,4091.0
12875998.0,4080.0
12877998.0,4095.0
12879998.0,4095.0
12881998.0,4095.0
12883998.0,4095.0
12885998.0,4095.0
12887998.0,4095.0
12889998.0,4095.0
12891998.0,4095.0
12893998.0,4095.0
12895998.0,4095.0
12897998.0,4095.0
12899998.0,4089.0
12901998.0,4095.0
12913994.0,4095.0
12915998.0,4063.0
12917998.0,4095.0
12919998.0,4095.0
12921998.0,4066.0
12923998.0,4095.0
12925998.0,4095.0
12927998.0,4095.0
12929998.0,4095.0
12931998.0,4095.0
12933998.0,4095.0
12935998.0,4095.0
12937998.0,4095.0
12939998.0,4095.0
12941998.0,4095.0
12943998.0,4095.0
12945998.0,4095.0
12947998.0,4095.0
12949998.0,4050.0
12951998.0,4095.0
12953998.0,4095.0
12955998.0,4095.0
12957998.0,4095.0
12959998.0,4095.0
12961998.0,4095.0
12963998.0,4095.0
12965998.0,4095.0
12967998.0,4095.0
12969998.0,4095.0
12971998.0,4095.0
12973998.0,4095.0
12975998.0,4095.0
12977998.0,4095.0
12979998.0,4095.0
12981998.0,4095.0
12983998.0,4095.0
12985998.0,4095.0
12987998.0,4095.0
12989998.0,4095.0
12991998.0,4095.0
12993998.0,4095.0
12995998.0,4095.0
12997998.0,4095.0
12999998.0,4095.0
13001998.0,4095.0
13003998.0,4095.0
13005998.0,4095.0
13007998.0,4095.0
13009998.0,4095.0
13011998.0,4095.0
13013998.0,4095.0
13015998.0,4095.0
13017998.0,4095.0
13019998.0,4095.0
13021998.0,4095.0
13023998.0,4095.0
13035994.0,4095.0
13037998.0,4095.0
13039998.0,4095.0
13041998.0,4095.0
13043998.0,4095.0
13045998.0,4095.0
13047998.0,4095.0
13049998.0,4095.0
13051998.0,4095.0
13053998.0,4095.0
13055998.0,4095.0
13057998.0,4095.0
13059998.0,4095.0
13061998.0,4095.0
13063998.0,4095.0
13065998.0,4095.0
13067998.0,4095.0
13069998.0,4095.0
13071998.0,4095.0
13073998.0,4095.0
13075998.0,4095.0
13077998.0,4095.0
13079998.0,4095.0
13081998.0,4095.0
13083998.0,4095.0
13085998.0,4095.0
13087998.0,4095.0
13089998.0,4095.0
13091998.0,4095.0
13093998.0,4095.0
13095998.0,4095.0
13097998.0,4095.0
13099998.0,4095.0
13101998.0,4095.0
13103998.0,4095.0
13105998.0,4095.0
13107998.0,4095.0
13109998.0,4095.0
13111998.0,4095.0
13113998.0,4095.0
13115998.0,4095.0
13117998.0,4095.0
13119998.0,4095.0
13121998.0,4095.0
13123998.0,4095.0
13125998.0,4095.0
13127998.0,4095.0
13129998.0,4095.0
13131998.0,4095.0
13133998.0,4095.0
13135998.0,4095.0
13137998.0,4095.0
13139998.0,4095.0
13141998.0,4095.0
13143998.0,4095.0
13145998.0,4095.0
13157994.0,4095.0
13159998.0,4095.0
13161998.0,4095.0
13163998.0,4095.0
13165998.0,4095.0
13167998.0,4095.0
13169998.0,4095.0
13171998.0,4095.0
13173998.0,4095.0
13175998.0,4095.0
13177998.0,4095.0
13179998.0,4095.0
13181998.0,4095.0
13183998.0,4095.0
13185998.0,4095.0
13187998.0,4091.0
13189998.0,4095.0
13191998.0,4092.0
13193998.0,4095.0
13195998.0,4095.0
13197998.0,4095.0
13199998.0,4095.0
13201998.0,4095.0
13203998.0,4095.0
13205998.0,4095.0
13207998.0,4095.0
13209998.0,4095.0
13211998.0,4095.0
13213998.0,4095.0
13215998.0,4095.0
13217998.0,4095.0
13219998.0,4095.0
13221998.0,4095.0
13223998.0,4080.0
13225998.0,4095.0
13227998.0,4095.0
13229998.0,4095.0
13231998.0,4095.0
13233998.0,4095.0
13235998.0,4095.0
13237998.0,4095.0
13239998.0,4095.0
13241998.0,4095.0
13243998.0,4095.0
13245998.0,4095.0
13247998.0,4095.0
13249998.0,4095.0
13251998.0,4095.0
13253998.0,4095.0
13255998.0,4095.0
13257998.0,4095.0
13259998.0,4095.0
13261998.0,4095.0
13263998.0,4095.0
13265998.0,4095.0
13267998.0,4095.0
13279994.0,4095.0
13281998.0,4095.0
13283998.0,4095.0
13285998.0,4095.0
13287998.0,4095.0
13289998.0,4095.0
13291998.0,4095.0
13293998.0,4095.0
13295998.0,4095.0
13297998.0,4095.0
13299998.0,4095.0
13301998.0,4095.0
13303998.0,4095.0
13305998.0,4095.0
13307998.0,4095.0
13309998.0,4095.0
13311998.0,4095.0
13313998.0,4095.0
13315998.0,4095.0
13317998.0,4095.0
13955998.0,4095.0
13957998.0,4095.0
13959998.0,4095.0
13961998.0,4095.0
13963998.0,4095.0
13965998.0,4095.0
13967998.0,4095.0
13969998.0,4095.0
13971998.0,4095.0
13973998.0,4095.0
13975998.0,4095.0
13977998.0,4095.0
13979998.0,4095.0
13981998.0,4095.0
13983998.0,4095.0
13985998.0,4095.0
13987998.0,4095.0
13989998.0,4095.0
13991998.0,4095.0
13993998.0,4095.0
13995998.0,4095.0
13997998.0,4095.0
13999998.0,4095.0
14011994.0,4095.0
14013998.0,4095.0
14015998.0,4095.0
14017998.0,4095.0
14019998.0,4095.0
14021998.0,4095.0
14023998.0,4095.0
14025998.0,4095.0
14027998.0,4095.0
14029998.0,4095.0
14031998.0,4095.0
14033998.0,4095.0
14035998.0,4095.0
14037998.0,4095.0
14039998.0,4095.0
14041998.0,4095.0
14043998.0,4095.0
14045998.0,4095.0
14047998.0,4095.0
14049998.0,4095.0
14051998.0,4095.0
14053998.0,4095.0
14055998.0,4095.0
14057998.0,4095.0
14059998.0,4095.0
14061998.0,4095.0
14063998.0,4095.0
14065998.0,4095.0
14067998.0,4095.0
14069998.0,4095.0
14071998.0,4095.0
14073998.0,4095.0
14075998.0,4095.0
14077998.0,4095.0
14079998.0,4095.0
14081998.0,4095.0
14083998.0,4095.0
14085998.0,4095.0
14087998.0,4095.0
14089998.0,4095.0
14091998.0,4095.0
14093998.0,4095.0
14095998.0,4095.0
14097998.0,4095.0
14099998.0,4095.0
14101998.0,4095.0
14103998.0,4095.0
14105998.0,4095.0
14107998.0,4095.0
14109998.0,4095.0
14111998.0,4095.0
14113998.0,4095.0
14115998.0,4095.0
14117998.0,4095.0
14119998.0,4095.0
14121998.0,4095.0
14133994.0,4095.0
14135998.0,4095.0
14137998.0,4095.0
14139998.0,4095.0
14141998.0,4095.0
14143998.0,4095.0
14145998.0,4095.0
14147998.0,4095.0
14149998.0,4095.0
14151998.0,4095.0
14153998.0,4095.0
14155998.0,4095.0
14157998.0,4073.0
14159998.0,4095.0
14161998.0,4095.0
14163998.0,4095.0
14165998.0,4095.0
14167998.0,4095.0
14169998.0,4095.0
14171998.0,4067.0
14173998.0,4095.0
14175998.0,4094.0
14177998.0,4095.0
14179998.0,4095.0
14181998.0,4095.0
14183998.0,4095.0
14185998.0,4095.0
14187998.0,4095.0
14189998.0,4095.0
14191998.0,4071.0
14193998.0,4095.0
14195998.0,4095.0
14197998.0,4095.0
14199998.0,4095.0
14201998.0,4089.0
14203998.0,4095.0
14205998.0,4095.0
14207998.0,4095.0
14209998.0,4095.0
14211998.0,4095.0
14213998.0,4095.0
14215998.0,4095.0
14217998.0,4095.0
14219998.0,4095.0
14221998.0,4095.0
14223998.0,4074.0
14225998.0,4095.0
14227998.0,4095.0
14229998.0,4095.0
14231998.0,4095.0
14233998.0,4095.0
14235998.0,4083.0
14237998.0,4095.0
14239998.0,4095.0
14241998.0,4095.0
14243998.0,4095.0
14255994.0,4095.0
14257998.0,4095.0
14259998.0,4046.0
14261998.0,4095.0
14263998.0,4095.0
14265998.0,4092.0
14267998.0,4095.0
14269998.0,4095.0
14271998.0,4095.0
14273998.0,4095.0
14275998.0,4095.0
14277998.0,4095.0
14279998.0,4095.0
14281998.0,4095.0
14283998.0,4095.0
14285998.0,4095.0
14287998.0,4095.0
14289998.0,4095.0
14291998.0,4095.0
14293998.0,4095.0
14295998.0,4095.0
14297998.0,4095.0
14299998.0,4095.0
14301998.0,4095.0
14303998.0,4095.0
14305998.0,4095.0
14307998.0,4095.0
14309998.0,4095.0
14311998.0,4095.0
14313998.0,4095.0
14315998.0,4095.0
14317998.0,4095.0
14319998.0,4095.0
14321998.0,4095.0
14323998.0,4095.0
14325998.0,4095.0
14327998.0,4095.0
14329998.0,4095.0
14331998.0,4095.0
14333998.0,4095.0
14335998.0,4095.0
14337998.0,4095.0
14339998.0,4095.0
14341998.0,4095.0
14343998.0,4095.0
14345998.0,4095.0
14347998.0,4095.0
14349998.0,4095.0
14351998.0,4095.0
14353998.0,4095.0
14355998.0,4095.0
14357998.0,4095.0
14359998.0,4095.0
14361998.0,4095.0
14363998.0,4095.0
14365998.0,4095.0
14377994.0,4095.0
14379998.0,4095.0
14381998.0,4095.0
14383998.0,4095.0
14385998.0,4095.0
14387998.0,4095.0
14389998.0,4095.0
14391998.0,4095.0
14393998.0,4095.0
14395998.0,4095.0
14397998.0,4095.0
14399998.0,4095.0
14401998.0,4095.0
14403998.0,4095.0
14405998.0,4095.0
14407998.0,4095.0
14409998.0,4095.0
14411998.0,4095.0
14413998.0,4095.0
14415998.0,4095.0
14417998.0,4095.0
14419998.0,4095.0
14421998.0,4095.0
14423998.0,4095.0
14425998.0,4095.0
14427998.0,4095.0
14429998.0,4095.0
14431998.0,4095.0
14433998.0,4095.0
14435998.0,4095.0
14437998.0,4095.0
14439998.0,4095.0
14441998.0,4095.0
14443998.0,4095.0
14445998.0,4095.0
14447998.0,4095.0
14449998.0,4095.0
14451998.0,4095.0
14453998.0,4095.0
14455998.0,4095.0
14457998.0,4095.0
14459998.0,4095.0
14461998.0,4095.0
14463998.0,4095.0
14465998.0,4095.0
14467998.0,4095.0
14469998.0,4095.0
14471998.0,4095.0
14473998.0,4095.0
14475998.0,4095.0
14477998.0,4095.0
14479998.0,4095.0
14481998.0,4095.0
14483998.0,4095.0
14485998.0,4095.0
14487998.0,4095.0
14499994.0,4095.0
14501998.0,4095.0
14503998.0,4095.0
14505998.0,4095.0
14507998.0,4095.0
14509998.0,4095.0
14511998.0,4095.0
14513998.0,4095.0
14515998.0,4095.0
14517998.0,4095.0
14519998.0,4095.0
14521998.0,4095.0
14523998.0,4095.0
14525998.0,4095.0
14527998.0,4095.0
14529998.0,4095.0
14531998.0,4095.0
14533998.0,4095.0
14535998.0,4095.0
14537998.0,4066.0
14539998.0,4091.0
14541998.0,4095.0
14543998.0,4095.0
998.0,4095.0
15211998.0,409998.0
15211998.0,409998.0
15211998.0,409998.0
15211998.0,409998.0
15213998.0,4095.0
15213998.0,4095.0
15213998.0,4095.0
15213998.0,4095.0
15213998.0,4095.0
15213998.0,4095.0
15213998.0,4095.0
15213998.0,4095.0
15213998.0,4095.0
15213998.0,4095.0
15213998.0,4095.0
15213998.0,4095.0
15213998.0,4095.0
15213998.0,4095.0
15213998.0,4095.0
15213998.0,4095.0
15213998.0,4095.0
15213998.0,4095.0
15213998.0,4095.0
15213998.0,4095.0
15213998.0,4095.0
15213998.0,4095.0
15213998.0,4095.0
15213998.0,4095.0
15213998.0,4095.0
15213998.0,4095.0
15213998.0,4095.0
15213998.0,4095.0
15213998.0,4095.0
15213998.0,4095.0
15213998.0,4095.0
15213998.0,4095.0
15213998.0,4095.0
15213998.0,4095.0
15213998.0,4095.0
15213998.0,4095.0
15213998.0,4095.0
15213998.0,4095.0
15213998.0,4095.0
15213998.0,4095.0
15213998.0,4095.0
15213998.0,4095.0
15213998.0,4095.0
15213998.0,4095.0
15213998.0,4095.0
15213998.0,4095.0
15213998.0,4095.0
15213998.0,4095.0
15213998.0,4095.0
15213998.0,4095.0
15213998.0,4095.0
15213998.0,4095.0
15213998.0,4095.0
15213998.0,4095.0
15213998.0,4095.0
15213998.0,4095.0
15213998.0,4095.0
15213998.0,4095.0
15213998.0,4095.0
15213998.0,4095.0
15213998.0,4095.0
15213998.0,4095.0
15213998.0,4095.0
15213998.0,4095.0
15215998.0,4095.0
15215998.0,4095.0
15215998.0,4095.0
15215998.0,4095.0
15215998.0,4095.0
15215998.0,4095.0
15215998.0,4095.0
15215998.0,4095.0
15215998.0,4095.0
15215998.0,4095.0
15215998.0,4095.0
15215998.0,4095.0
15215998.0,4095.0
15215998.0,4095.0
15215998.0,4095.0
15215998.0,4095.0
15215998.0,4095.0
15215998.0,4095.0
15215998.0,4095.0
15215998.0,4095.0
15215998.0,4095.0
15215998.0,4095.0
15215998.0,4095.0
15215998.0,4095.0
15215998.0,4095.0
15215998.0,4095.0
15215998.0,4095.0
15215998.0,4095.0
15215998.0,4095.0
15215998.0,4095.0
15215998.0,4095.0
15215998.0,4095.0
15215998.0,4095.0
15215998.0,4095.0
15215998.0,4095.0
15215998.0,4095.0
15215998.0,4095.0
15215998.0,4095.0
15215998.0,4095.0
15215998.0,4095.0
15215998.0,4095.0
15215998.0,4095.0
15215998.0,4095.0
15215998.0,4095.0
15215998.0,4095.0
15215998.0,4095.0
15215998.0,4095.0
15215998.0,4095.0
15215998.0,4095.0
15215998.0,4095.0
15215998.0,4095.0
15215998.0,4095.0
15215998.0,4095.0
15215998.0,4095.0
15215998.0,4095.0
15215998.0,4095.0
19998.0,4095.0
15791998.0,409998.0
15791998.0,409998.0
15791998.0,409998.0
15791998.0,409998.0
15791998.0,409998.0
15791998.0,409998.0
15791998.0,409998.0
15791998.0,409998.0
15791998.0,409998.0
15791998.0,409998.0
15791998.0,4095.0
15793998.0,4095.0
15793998.0,4095.0
15793998.0,4095.0
15793998.0,4095.0
15793998.0,4095.0
15793998.0,4095.0
15793998.0,4095.0
15793998.0,4095.0
15793998.0,4095.0
15793998.0,4095.0
15793998.0,4095.0
15793998.0,4095.0
15793998.0,4095.0
15793998.0,4095.0
15793998.0,4095.0
15793998.0,4095.0
15793998.0,4095.0
15793998.0,4095.0
15793998.0,4095.0
15793998.0,4095.0
15793998.0,4095.0
15793998.0,4095.0
15793998.0,4095.0
15793998.0,4095.0
15793998.0,4095.0
15793998.0,4095.0
15793998.0,4095.0
15793998.0,4095.0
15793998.0,4095.0
15793998.0,4095.0
15793998.0,4095.0
15793998.0,4095.0
15793998.0,4095.0
15793998.0,4095.0
15793998.0,4095.0
15793998.0,4095.0
15793998.0,4095.0
15793998.0,4095.0
15793998.0,4095.0
15793998.0,4095.0
15793998.0,4095.0
15793998.0,4095.0
15793998.0,4095.0
15793998.0,4095.0
15793998.0,4095.0
15793998.0,4095.0
15793998.0,4095.0
15793998.0,4095.0
15793998.0,4095.0
15793998.0,4095.0
15793998.0,4095.0
15793998.0,4095.0
15793998.0,4095.0
15793998.0,4095.0
15793998.0,4095.0
15793998.0,4095.0
15793998.0,4095.0
15793998.0,4095.0
15793998.0,4095.0
15793998.0,4095.0
15793998.0,4095.0
15793998.0,4095.0
15793998.0,4095.0
15793998.0,4095.0
15793998.0,4095.0
15793998.0,4095.0
1.0,4095.0
