Tiempo,Temp_Dist_81.4mm,Temp_Dist_123.1mm,Temp_Dist_164.0mm,Temp_Dist_211.9mm,Temp_Dist_249.6mm,Temp_Dist_410.5mm
0,57.121,57.678,57.97,58.328,58.536,58.709
5,57.078,57.616,57.915,58.282,58.505,58.64
10,57.021,57.578,57.852,58.212,58.444,58.591
15,57.243,57.524,57.817,58.175,58.398,58.549
20,58.135,57.613,57.766,58.118,58.339,58.484
25,59.521,57.926,57.787,58.076,58.285,58.449
30,61.182,58.498,57.884,58.057,58.234,58.394
35,62.902,59.223,58.106,58.042,58.186,58.34
40,64.646,60.084,58.413,58.086,58.163,58.285
45,66.371,61.012,58.791,58.187,58.152,58.226
50,68.08,62.01,59.256,58.315,58.154,58.201
55,69.722,63.029,59.76,58.489,58.215,58.138
60,71.338,64.062,60.34,58.712,58.27,58.086
65,72.878,65.101,60.919,58.951,58.381,58.023
70,74.377,66.161,61.563,59.249,58.49,57.987
75,75.8,67.194,62.201,59.558,58.622,57.943
80,77.213,68.237,62.869,59.904,58.782,57.905
85,78.557,69.233,63.53,60.265,58.986,57.853
90,79.903,70.242,64.227,60.643,59.191,57.825
95,81.168,71.21,64.911,61.042,59.424,57.767
100,82.423,72.222,65.593,61.442,59.642,57.748
105,83.638,73.158,66.294,61.862,59.917,57.72
110,84.812,74.107,66.984,62.3,60.186,57.695
115,85.958,75.035,67.673,62.727,60.48,57.678
120,87.103,75.968,68.357,63.177,60.763,57.67
125,88.2,76.874,69.054,63.638,61.078,57.674
130,89.284,77.754,69.74,64.102,61.389,57.683
135,90.308,78.625,70.418,64.556,61.701,57.67
140,91.349,79.497,71.096,65.027,62.046,57.674
145,92.355,80.36,71.771,65.487,62.379,57.674
150,93.349,81.207,72.456,65.958,62.718,57.699
155,94.296,82.001,73.105,66.418,63.048,57.735
160,95.24,82.835,73.743,66.893,63.404,57.75
165,96.165,83.618,74.376,67.363,63.756,57.794
170,97.071,84.422,75.029,67.839,64.097,57.83
175,97.966,85.186,75.688,68.31,64.463,57.876
180,98.864,85.962,76.299,68.765,64.812,57.911
185,99.727,86.701,76.929,69.232,65.187,57.97
190,100.571,87.476,77.552,69.71,65.547,58.039
195,101.396,88.17,78.166,70.165,65.897,58.119
200,102.218,88.905,78.768,70.624,66.263,58.184
205,103.046,89.649,79.384,71.097,66.633,58.233
210,103.816,90.35,79.981,71.562,66.997,58.331
215,104.638,91.046,80.566,72.01,67.367,58.386
220,105.368,91.735,81.161,72.482,67.734,58.472
225,106.116,92.401,81.732,72.917,68.117,58.577
230,106.857,93.056,82.304,73.384,68.472,58.673
235,107.59,93.753,82.881,73.823,68.852,58.774
240,108.283,94.36,83.42,74.264,69.207,58.875
245,108.998,95.018,83.987,74.734,69.593,59.005
250,109.705,95.67,84.547,75.164,69.957,59.108
255,110.437,96.321,85.13,75.621,70.318,59.219
260,111.1,96.918,85.662,76.073,70.689,59.328
265,111.79,97.563,86.222,76.514,71.081,59.458
270,112.463,98.143,86.748,76.949,71.459,59.623
275,113.194,98.831,87.327,77.415,71.856,59.755
280,113.799,99.416,87.856,77.855,72.231,59.889
285,114.47,100.002,88.361,78.278,72.562,60.016
290,115.136,100.618,88.894,78.715,72.947,60.159
295,115.759,101.227,89.438,79.159,73.353,60.327
300,116.426,101.8,89.963,79.6,73.72,60.502
305,117.071,102.403,90.498,80.062,74.091,60.645
310,117.684,102.982,91.018,80.495,74.475,60.83
315,118.337,103.598,91.574,80.932,74.86,60.966
320,118.918,104.118,92.042,81.337,75.217,61.139
325,119.519,104.696,92.545,81.77,75.58,61.314
330,120.108,105.231,93.035,82.188,75.946,61.488
335,120.685,105.777,93.535,82.616,76.314,61.656
340,121.243,106.332,94.005,83.011,76.691,61.835
345,121.829,106.873,94.501,83.431,77.05,62.011
350,122.385,107.373,94.968,83.828,77.417,62.181
355,122.916,107.898,95.466,84.242,77.765,62.361
360,123.46,108.392,95.913,84.641,78.124,62.545
365,124.009,108.925,96.374,85.044,78.498,62.727
370,124.527,109.42,96.848,85.46,78.836,62.905
375,125.054,109.934,97.31,85.849,79.18,63.12
380,125.584,110.407,97.754,86.24,79.547,63.298
385,126.108,110.896,98.223,86.641,79.906,63.495
390,126.629,111.415,98.666,87.04,80.252,63.683
395,127.147,111.881,99.13,87.432,80.626,63.88
400,127.647,112.382,99.556,87.817,80.956,64.083
405,128.146,112.843,100.006,88.199,81.321,64.275
410,128.643,113.314,100.453,88.573,81.655,64.499
415,129.126,113.793,100.879,88.979,82.019,64.711
420,129.622,114.27,101.322,89.361,82.368,64.899
425,130.119,114.716,101.746,89.743,82.714,65.137
430,130.61,115.198,102.175,90.139,83.068,65.357
435,131.071,115.659,102.611,90.508,83.407,65.566
440,131.551,116.114,103.044,90.9,83.756,65.778
445,132.036,116.566,103.466,91.274,84.098,65.995
450,132.503,117.012,103.87,91.657,84.456,66.205
455,132.983,117.481,104.304,92.013,84.805,66.449
460,133.422,117.903,104.714,92.406,85.138,66.652
465,133.908,118.374,105.147,92.785,85.507,66.901
470,134.36,118.794,105.565,93.156,85.835,67.14
475,134.835,119.259,105.989,93.532,86.197,67.361
480,135.307,119.692,106.374,93.924,86.535,67.58
485,135.76,120.134,106.81,94.275,86.873,67.807
490,136.21,120.564,107.207,94.634,87.224,68.051
495,136.665,121.002,107.614,95.029,87.569,68.276
500,137.098,121.435,108.017,95.387,87.905,68.504
505,137.554,121.866,108.449,95.76,88.262,68.737
510,137.985,122.296,108.825,96.128,88.59,68.975
515,138.413,122.707,109.249,96.494,88.926,69.196
520,138.855,123.132,109.631,96.862,89.285,69.446
525,139.277,123.546,110.036,97.219,89.607,69.688
530,139.697,123.966,110.429,97.591,89.942,69.909
535,140.084,124.348,110.82,97.948,90.282,70.145
540,140.512,124.762,111.2,98.289,90.596,70.4
545,140.915,125.149,111.575,98.628,90.92,70.623
550,141.316,125.552,111.959,98.986,91.26,70.886
555,141.719,125.969,112.325,99.333,91.586,71.117
560,142.119,126.353,112.709,99.686,91.909,71.374
565,142.514,126.748,113.072,100.035,92.249,71.613
570,142.915,127.146,113.468,100.389,92.578,71.868
575,143.31,127.506,113.838,100.728,92.907,72.109
580,143.691,127.881,114.189,101.079,93.22,72.336
585,144.061,128.26,114.559,101.411,93.533,72.604
590,144.431,128.636,114.922,101.76,93.85,72.823
595,144.815,128.998,115.287,102.077,94.175,73.077
600,145.169,129.399,115.659,102.426,94.499,73.33
605,145.569,129.752,115.997,102.77,94.809,73.576
610,145.923,130.112,116.36,103.094,95.147,73.836
615,146.296,130.485,116.733,103.432,95.472,74.085
620,146.657,130.836,117.086,103.768,95.785,74.339
625,147.008,131.196,117.418,104.098,96.104,74.593
630,147.359,131.574,117.773,104.412,96.404,74.864
635,147.723,131.921,118.127,104.762,96.72,75.093
640,148.071,132.262,118.47,105.088,97.03,75.349
645,148.39,132.603,118.783,105.394,97.337,75.599
650,148.773,132.965,119.135,105.72,97.649,75.863
655,149.088,133.311,119.472,106.039,97.951,76.11
660,149.409,133.634,119.807,106.363,98.27,76.36
665,149.759,133.978,120.137,106.678,98.573,76.607
670,150.099,134.301,120.475,106.995,98.876,76.862
675,150.44,134.658,120.804,107.31,99.181,77.122
680,150.765,134.988,121.167,107.648,99.476,77.372
685,151.078,135.311,121.451,107.937,99.78,77.617
690,151.39,135.645,121.781,108.257,100.093,77.89
695,151.764,135.976,122.117,108.569,100.386,78.135
700,152.091,136.329,122.463,108.908,100.695,78.377
705,152.384,136.643,122.752,109.192,100.986,78.615
710,152.743,136.948,123.092,109.505,101.302,78.884
715,153.069,137.302,123.41,109.819,101.602,79.153
720,153.396,137.641,123.742,110.127,101.897,79.406
725,153.724,137.953,124.084,110.447,102.197,79.666
730,154.013,138.235,124.374,110.745,102.483,79.909
735,154.351,138.61,124.701,111.052,102.8,80.204
740,154.681,138.934,125.024,111.373,103.097,80.452
745,154.981,139.237,125.336,111.689,103.382,80.699
750,155.303,139.554,125.655,111.975,103.694,80.976
755,155.625,139.889,125.985,112.295,103.994,81.212
760,155.968,140.231,126.317,112.616,104.301,81.494
765,156.276,140.527,126.627,112.921,104.614,81.739
770,156.572,140.823,126.934,113.201,104.89,81.977
775,156.885,141.141,127.249,113.522,105.183,82.234
780,157.193,141.48,127.56,113.831,105.496,82.489
785,157.501,141.8,127.891,114.133,105.783,82.738
790,157.794,142.077,128.169,114.394,106.054,82.999
795,158.107,142.386,128.476,114.704,106.341,83.243
800,158.423,142.709,128.775,115.005,106.638,83.519
805,158.726,142.99,129.07,115.293,106.923,83.762
810,159.015,143.303,129.369,115.585,107.197,83.995
815,159.337,143.609,129.678,115.879,107.475,84.268
820,159.614,143.877,129.982,116.162,107.766,84.527
825,159.903,144.167,130.272,116.472,108.05,84.769
830,160.189,144.485,130.563,116.743,108.334,85.028
835,160.514,144.775,130.855,117.033,108.609,85.282
840,160.792,145.076,131.174,117.342,108.907,85.528
845,161.1,145.369,131.468,117.603,109.182,85.762
850,161.383,145.653,131.758,117.885,109.456,86.027
855,161.633,145.949,132.048,118.166,109.74,86.258
860,161.953,146.236,132.338,118.476,110.016,86.521
865,162.214,146.518,132.616,118.747,110.28,86.773
870,162.478,146.799,132.907,119.016,110.554,87.016
875,162.758,147.076,133.166,119.283,110.822,87.237
880,163.025,147.33,133.457,119.569,111.092,87.491
885,163.271,147.606,133.737,119.832,111.357,87.733
890,163.56,147.893,134.015,120.103,111.635,87.99
895,163.836,148.131,134.297,120.38,111.884,88.234
900,164.093,148.446,134.567,120.655,112.15,88.48
905,164.346,148.716,134.837,120.926,112.411,88.725
910,164.628,148.951,135.116,121.196,112.697,88.975
915,164.865,149.219,135.38,121.461,112.94,89.216
920,165.141,149.498,135.655,121.728,113.201,89.474
925,165.391,149.752,135.903,121.986,113.462,89.714
930,165.642,150.016,136.19,122.247,113.728,89.965
935,165.901,150.274,136.442,122.509,113.983,90.209
940,166.18,150.527,136.711,122.782,114.232,90.45
945,166.417,150.788,136.981,123.043,114.506,90.683
950,166.696,151.057,137.259,123.309,114.767,90.935
955,166.941,151.29,137.506,123.56,115.031,91.16
960,167.211,151.568,137.769,123.814,115.286,91.414
965,167.451,151.846,138.035,124.075,115.539,91.659
970,167.688,152.051,138.303,124.335,115.788,91.891
975,167.936,152.343,138.554,124.602,116.061,92.134
980,168.189,152.596,138.844,124.864,116.301,92.39
985,168.471,152.848,139.093,125.121,116.564,92.624
990,168.716,153.109,139.342,125.385,116.83,92.838
995,168.97,153.357,139.614,125.627,117.068,93.089
1000,169.204,153.604,139.867,125.891,117.327,93.324
1005,169.454,153.862,140.122,126.137,117.576,93.563
1010,169.686,154.115,140.367,126.405,117.827,93.796
1015,169.917,154.331,140.64,126.641,118.069,94.02
1020,170.171,154.587,140.869,126.905,118.326,94.263
1025,170.385,154.837,141.122,127.149,118.563,94.479
1030,170.619,155.05,141.357,127.393,118.809,94.722
1035,170.862,155.289,141.614,127.628,119.046,94.956
1040,171.107,155.542,141.855,127.882,119.307,95.193
1045,171.361,155.8,142.108,128.12,119.547,95.428
1050,171.606,156.056,142.379,128.378,119.8,95.663
1055,171.834,156.289,142.592,128.622,120.041,95.905
1060,172.091,156.511,142.841,128.878,120.273,96.144
1065,172.297,156.756,143.088,129.102,120.524,96.362
1070,172.542,157.014,143.351,129.354,120.764,96.592
1075,172.773,157.217,143.586,129.583,120.998,96.812
1080,172.985,157.444,143.833,129.829,121.236,97.048
1085,173.214,157.697,144.055,130.075,121.488,97.266
1090,173.456,157.911,144.304,130.308,121.718,97.513
1095,173.66,158.144,144.529,130.558,121.946,97.745
1100,173.874,158.397,144.767,130.791,122.18,97.96
1105,174.119,158.613,145.014,131.014,122.415,98.186
1110,174.342,158.83,145.246,131.27,122.651,98.412
1115,174.565,159.069,145.479,131.495,122.887,98.659
1120,174.788,159.28,145.72,131.729,123.125,98.864
1125,175.028,159.516,145.948,131.956,123.359,99.088
1130,175.27,159.76,146.191,132.195,123.595,99.31
1135,175.507,160.005,146.425,132.431,123.829,99.54
1140,175.739,160.21,146.658,132.668,124.059,99.758
1145,175.973,160.449,146.899,132.914,124.271,99.99
1150,176.213,160.688,147.147,133.137,124.531,100.204
1155,176.439,160.94,147.368,133.367,124.751,100.436
1160,176.665,161.149,147.596,133.592,124.981,100.649
1165,176.902,161.396,147.829,133.831,125.211,100.875
1170,177.128,161.59,148.067,134.046,125.422,101.087
1175,177.343,161.826,148.282,134.278,125.662,101.314
1180,177.541,162.062,148.51,134.501,125.888,101.528
1185,177.782,162.246,148.745,134.728,126.117,101.759
1190,177.994,162.496,148.961,134.963,126.337,101.97
1195,178.225,162.723,149.208,135.207,126.57,102.202
1200,178.479,162.929,149.442,135.429,126.786,102.425
1205,178.655,163.174,149.664,135.652,127.024,102.645
1210,178.895,163.386,149.889,135.871,127.229,102.856
1215,179.119,163.601,150.119,136.115,127.463,103.065
1220,179.325,163.838,150.341,136.319,127.688,103.286
1225,179.551,164.061,150.56,136.554,127.906,103.498
1230,179.766,164.245,150.778,136.765,128.125,103.709
1235,179.981,164.495,151.014,136.984,128.334,103.922
1240,180.215,164.707,151.228,137.215,128.574,104.137
1245,180.419,164.925,151.459,137.442,128.781,104.377
1250,180.648,165.131,151.681,137.657,129.009,104.559
1255,180.86,165.348,151.893,137.87,129.218,104.797
1260,181.056,165.538,152.125,138.079,129.436,105.012
1265,181.254,165.777,152.326,138.296,129.651,105.213
1270,181.472,166.009,152.544,138.521,129.856,105.424
1275,181.686,166.204,152.77,138.746,130.098,105.654
1280,181.904,166.435,153.0,138.964,130.315,105.855
1285,182.102,166.627,153.227,139.191,130.542,106.082
1290,182.342,166.85,153.425,139.412,130.737,106.272
1295,182.546,167.068,153.651,139.619,130.966,106.5
1300,182.769,167.285,153.873,139.84,131.186,106.708
1305,183.001,167.505,154.095,140.07,131.401,106.917
1310,183.185,167.714,154.323,140.283,131.612,107.12
1315,183.437,167.951,154.527,140.506,131.835,107.332
1320,183.632,168.113,154.737,140.706,132.034,107.529
1325,183.836,168.352,154.953,140.931,132.255,107.711
1330,184.02,168.547,155.169,141.135,132.456,107.932
1335,184.229,168.729,155.379,141.354,132.679,108.141
1340,184.391,168.937,155.579,141.56,132.884,108.337
1345,184.592,169.166,155.78,141.761,133.087,108.537
1350,184.782,169.325,156.002,141.941,133.292,108.746
1355,184.952,169.523,156.192,142.182,133.483,108.947
1360,185.17,169.726,156.41,142.374,133.696,109.151
1365,185.329,169.899,156.61,142.581,133.895,109.35
1370,185.502,170.111,156.794,142.779,134.096,109.558
1375,185.684,170.287,156.998,142.992,134.301,109.763
1380,185.874,170.476,157.19,143.176,134.496,109.955
1385,186.041,170.68,157.388,143.377,134.701,110.15
1390,186.22,170.85,157.578,143.573,134.892,110.356
1395,186.426,171.02,157.765,143.777,135.086,110.547
1400,186.607,171.209,157.972,143.975,135.295,110.739
1405,186.784,171.401,158.153,144.168,135.493,110.937
1410,186.98,171.581,158.345,144.352,135.69,111.135
1415,187.163,171.794,158.544,144.57,135.903,111.356
1420,187.364,171.997,158.755,144.766,136.095,111.543
1425,187.556,172.173,158.947,144.958,136.292,111.742
1430,187.752,172.371,159.141,145.157,136.48,111.925
1435,187.928,172.566,159.335,145.339,136.685,112.152
1440,188.157,172.742,159.532,145.547,136.878,112.309
1445,188.327,172.959,159.737,145.747,137.088,112.515
1450,188.525,173.132,159.926,145.946,137.287,112.701
1455,188.712,173.31,160.127,146.156,137.46,112.901
1460,188.916,173.514,160.311,146.336,137.658,113.085
1465,189.098,173.726,160.519,146.536,137.861,113.289
1470,189.295,173.901,160.716,146.734,138.059,113.487
1475,189.482,174.107,160.91,146.928,138.26,113.673
1480,189.65,174.285,161.108,147.137,138.449,113.857
1485,189.821,174.455,161.298,147.311,138.641,114.057
1490,190.002,174.644,161.477,147.517,138.828,114.251
1495,190.208,174.837,161.682,147.699,139.046,114.439
1500,190.389,175.038,161.887,147.911,139.227,114.614
1505,190.568,175.213,162.065,148.089,139.401,114.817
1510,190.705,175.396,162.247,148.3,139.61,115.0
1515,190.886,175.589,162.435,148.457,139.776,115.184
1520,191.073,175.754,162.626,148.655,139.978,115.362
1525,191.232,175.923,162.804,148.837,140.159,115.552
1530,191.414,176.121,162.994,149.027,140.345,115.745
1535,191.572,176.279,163.167,149.193,140.507,115.915
1540,191.705,176.422,163.345,149.378,140.705,116.106
1545,191.903,176.595,163.519,149.564,140.884,116.298
1550,192.076,176.763,163.688,149.734,141.062,116.463
1555,192.191,176.938,163.881,149.912,141.232,116.649
1560,192.389,177.119,164.048,150.098,141.424,116.828
1565,192.579,177.267,164.217,150.261,141.595,117.001
1570,192.743,177.455,164.414,150.453,141.787,117.181
1575,192.941,177.634,164.579,150.639,141.965,117.362
1580,193.075,177.801,164.756,150.811,142.137,117.552
1585,193.271,177.973,164.94,151.001,142.309,117.735
1590,193.452,178.15,165.107,151.172,142.517,117.909
1595,193.624,178.328,165.275,151.328,142.671,118.084
1600,193.773,178.493,165.453,151.53,142.856,118.269
1605,193.962,178.683,165.637,151.696,143.029,118.433
1610,194.171,178.864,165.834,151.891,143.212,118.604
1615,194.317,179.023,165.998,152.064,143.412,118.797
1620,194.485,179.177,166.186,152.248,143.574,118.979
1625,194.652,179.344,166.357,152.425,143.74,119.146
1630,194.823,179.552,166.519,152.604,143.935,119.33
1635,195.001,179.709,166.709,152.777,144.111,119.513
1640,195.163,179.87,166.898,152.957,144.285,119.686
1645,195.342,180.055,167.061,153.151,144.451,119.862
1650,195.517,180.239,167.243,153.301,144.639,120.039
1655,195.69,180.412,167.406,153.494,144.805,120.188
1660,195.86,180.597,167.579,153.66,144.974,120.379
1665,196.055,180.782,167.776,153.832,145.15,120.538
1670,196.206,180.928,167.928,154.003,145.326,120.721
1675,196.379,181.096,168.115,154.173,145.482,120.886
1680,196.538,181.263,168.296,154.353,145.664,121.078
1685,196.7,181.417,168.459,154.532,145.838,121.234
1690,196.89,181.607,168.635,154.704,146.036,121.403
1695,197.06,181.788,168.834,154.892,146.228,121.589
1700,197.261,181.978,168.997,155.059,146.376,121.753
1705,197.428,182.142,169.197,155.255,146.584,121.912
1710,197.621,182.341,169.366,155.435,146.754,122.108
1715,197.819,182.525,169.557,155.618,146.928,122.268
1720,198.02,182.695,169.74,155.794,147.11,122.454
1725,198.218,182.891,169.925,155.975,147.286,122.608
1730,198.388,183.086,170.093,156.145,147.464,122.767
1735,198.603,183.27,170.288,156.337,147.646,122.95
1740,198.784,183.44,170.469,156.51,147.828,123.121
1745,198.955,183.619,170.638,156.69,147.986,123.268
1750,199.13,183.803,170.803,156.864,148.149,123.449
1755,199.333,184.011,170.998,157.04,148.343,123.613
1760,199.515,184.161,171.183,157.218,148.503,123.786
1765,199.646,184.32,171.345,157.37,148.673,123.962
1770,199.835,184.496,171.525,157.563,148.848,124.14
1775,200.03,184.678,171.703,157.734,149.026,124.299
1780,200.167,184.85,171.873,157.899,149.191,124.494
1785,200.354,185.023,172.06,158.083,149.357,124.676
1790,200.536,185.211,172.254,158.288,149.552,124.842
1795,200.711,185.389,172.425,158.433,149.724,124.998
1800,200.809,185.496,172.538,158.57,149.843,125.14
1805,200.954,185.652,172.687,158.735,150.016,125.298
1810,201.111,185.788,172.843,158.896,150.189,125.455
1815,201.297,185.987,173.035,159.078,150.348,125.665
1820,201.502,186.168,173.23,159.262,150.538,125.799
1825,201.658,186.338,173.4,159.438,150.711,125.985
1830,201.842,186.514,173.567,159.596,150.879,126.159
1835,201.968,186.643,173.696,159.732,151.014,126.298
1840,202.099,186.788,173.874,159.913,151.172,126.457
1845,202.266,186.953,174.045,160.057,151.34,126.624
1850,202.389,187.095,174.188,160.224,151.498,126.794
1855,202.542,187.262,174.355,160.393,151.663,126.941
1860,202.691,187.401,174.511,160.57,151.844,127.11
1865,202.879,187.605,174.695,160.745,151.996,127.284
1870,202.977,187.729,174.851,160.875,152.151,127.441
1875,203.141,187.923,175.015,161.048,152.318,127.577
1880,203.321,188.066,175.173,161.204,152.476,127.749
1885,203.416,188.194,175.306,161.344,152.617,127.885
1890,203.58,188.323,175.474,161.515,152.798,128.063
1895,203.743,188.504,175.65,161.675,152.948,128.219
1900,203.888,188.652,175.799,161.828,153.12,128.372
1905,204.024,188.802,175.938,161.998,153.269,128.52
1910,204.178,188.953,176.109,162.157,153.429,128.677
1915,204.304,189.074,176.249,162.297,153.57,128.824
1920,204.432,189.239,176.398,162.451,153.723,128.964
1925,204.539,189.367,176.514,162.596,153.869,129.133
1930,204.707,189.506,176.698,162.749,154.036,129.301
1935,204.89,189.706,176.864,162.927,154.215,129.447
1940,205.032,189.835,177.027,163.091,154.366,129.599
1945,205.166,189.994,177.176,163.232,154.513,129.745
1950,205.311,190.136,177.333,163.395,154.679,129.886
1955,205.472,190.298,177.467,163.533,154.807,130.043
1960,205.587,190.391,177.616,163.69,154.966,130.172
1965,205.756,190.577,177.78,163.855,155.131,130.35
1970,205.912,190.719,177.927,164.002,155.274,130.498
1975,206.065,190.878,178.079,164.149,155.44,130.645
1980,206.193,191.021,178.222,164.314,155.585,130.793
1985,206.363,191.157,178.379,164.457,155.728,130.921
1990,206.491,191.308,178.522,164.6,155.878,131.079
1995,206.633,191.453,178.671,164.752,156.037,131.235
2000,206.786,191.606,178.828,164.907,156.197,131.394
2005,206.92,191.732,178.983,165.052,156.33,131.527
2010,207.076,191.894,179.124,165.197,156.497,131.688
2015,207.206,192.056,179.281,165.352,156.643,131.84
2020,207.357,192.184,179.428,165.511,156.79,131.99
2025,207.482,192.329,179.576,165.655,156.945,132.126
2030,207.635,192.488,179.725,165.8,157.095,132.258
2035,207.755,192.619,179.882,165.935,157.22,132.429
2040,207.902,192.775,180.019,166.09,157.371,132.55
2045,208.083,192.934,180.164,166.247,157.521,132.694
2050,208.211,193.06,180.293,166.378,157.66,132.832
2055,208.337,193.194,180.45,166.521,157.795,132.985
2060,208.506,193.328,180.58,166.66,157.939,133.121
2065,208.654,193.478,180.729,166.819,158.082,133.261
2070,208.779,193.618,180.868,166.956,158.231,133.386
2075,208.924,193.78,181.017,167.087,158.379,133.547
2080,209.063,193.905,181.154,167.241,158.524,133.687
2085,209.222,194.034,181.281,167.374,158.647,133.831
2090,209.358,194.17,181.448,167.519,158.804,133.981
2095,209.497,194.324,181.586,167.678,158.945,134.133
2100,209.648,194.483,181.743,167.815,159.094,134.284
2105,209.765,194.589,181.888,167.956,159.238,134.428
2110,209.943,194.742,182.031,168.105,159.367,134.56
2115,210.076,194.901,182.18,168.25,159.522,134.72
2120,210.224,195.046,182.305,168.391,159.667,134.862
2125,210.372,195.2,182.447,168.534,159.827,135.01
2130,210.513,195.356,182.616,168.679,159.96,135.125
2135,210.672,195.484,182.771,168.822,160.101,135.285
2140,210.786,195.624,182.892,168.967,160.224,135.405
2145,210.912,195.736,183.028,169.096,160.359,135.545
2150,211.034,195.883,183.169,169.241,160.514,135.693
2155,211.143,195.978,183.304,169.37,160.641,135.804
2160,211.246,196.123,183.441,169.521,160.776,135.948
2165,211.365,196.254,183.569,169.652,160.905,136.08
2170,211.479,196.388,183.71,169.781,161.041,136.214
2175,211.588,196.503,183.833,169.899,161.172,136.335
2180,211.736,196.628,183.961,170.044,161.311,136.479
2185,211.839,196.734,184.08,170.157,161.458,136.615
2190,211.942,196.86,184.207,170.29,161.571,136.751
2195,212.086,196.994,184.352,170.433,161.708,136.901
2200,212.181,197.108,184.462,170.568,161.839,137.022
2205,212.315,197.256,184.583,170.689,161.958,137.14
2210,212.409,197.362,184.72,170.824,162.091,137.274
2215,212.521,197.46,184.828,170.928,162.206,137.397
2220,212.624,197.563,184.959,171.069,162.331,137.531
2225,212.738,197.694,185.077,171.196,162.456,137.669
2230,212.807,197.781,185.192,171.321,162.581,137.782
2235,212.908,197.889,185.311,171.442,162.712,137.918
2240,213.027,198.012,185.435,171.577,162.842,138.036
2245,213.139,198.132,185.562,171.692,162.981,138.176
2250,213.25,198.238,185.683,171.822,163.118,138.299
2255,213.361,198.375,185.815,171.955,163.247,138.447
2260,213.481,198.486,185.928,172.084,163.384,138.573
2265,213.595,198.606,186.069,172.213,163.507,138.703
2270,213.72,198.721,186.189,172.348,163.66,138.818
2275,213.876,198.885,186.32,172.461,163.785,138.932
2280,214.021,199.017,186.431,172.606,163.916,139.055
2285,214.132,199.123,186.577,172.727,164.033,139.181
2290,214.252,199.234,186.696,172.853,164.148,139.321
2295,214.377,199.362,186.815,172.982,164.299,139.44
2300,214.483,199.491,186.929,173.111,164.42,139.572
2305,214.617,199.605,187.074,173.242,164.527,139.693
2310,214.739,199.725,187.183,173.367,164.66,139.823
2315,214.865,199.856,187.325,173.481,164.795,139.945
2320,214.973,199.96,187.436,173.614,164.906,140.066
2325,215.082,200.091,187.557,173.739,165.024,140.193
2330,215.213,200.219,187.681,173.84,165.153,140.295
2335,215.335,200.317,187.788,173.969,165.264,140.426
2340,215.437,200.456,187.91,174.081,165.377,140.544
2345,215.551,200.551,188.019,174.196,165.488,140.669
2350,215.637,200.66,188.14,174.311,165.607,140.795
2355,215.726,200.76,188.256,174.421,165.718,140.92
2360,215.837,200.877,188.371,174.552,165.843,141.028
2365,215.923,200.986,188.485,174.671,165.956,141.149
2370,215.989,201.078,188.6,174.772,166.062,141.256
2375,216.117,201.187,188.711,174.884,166.195,141.372
2380,216.197,201.299,188.811,174.989,166.286,141.505
2385,216.297,201.368,188.92,175.104,166.409,141.607
2390,216.389,201.477,189.03,175.225,166.518,141.736
2395,216.486,201.578,189.153,175.335,166.639,141.835
2400,216.577,201.684,189.257,175.444,166.744,141.969
2405,216.688,201.801,189.356,175.561,166.875,142.064
2410,216.799,201.913,189.484,175.686,166.998,142.22
2415,216.91,202.013,189.599,175.794,167.114,142.321
2420,217.013,202.136,189.712,175.923,167.243,142.461
2425,217.165,202.255,189.838,176.04,167.37,142.564
2430,217.282,202.375,189.943,176.153,167.473,142.679
2435,217.398,202.5,190.053,176.277,167.582,142.787
2440,217.512,202.615,190.182,176.394,167.709,142.878
2445,217.645,202.715,190.285,176.503,167.808,143.009
2450,217.748,202.826,190.397,176.626,167.947,143.103
2455,217.881,202.957,190.518,176.73,168.058,143.226
2460,217.986,203.049,190.626,176.851,168.15,143.331
2465,218.111,203.196,190.749,176.968,168.277,143.463
2470,218.211,203.291,190.862,177.087,168.396,143.566
2475,218.333,203.394,190.969,177.202,168.507,143.696
2480,218.433,203.513,191.093,177.31,168.602,143.805
2485,218.557,203.658,191.207,177.437,168.746,143.933
2490,218.658,203.748,191.319,177.554,168.859,144.032
2495,218.78,203.853,191.449,177.656,168.966,144.163
2500,218.89,203.99,191.547,177.761,169.089,144.254
2505,219.021,204.07,191.666,177.871,169.185,144.372
2510,219.112,204.187,191.784,178.0,169.304,144.493
2515,219.226,204.285,191.887,178.115,169.417,144.606
2520,219.329,204.419,191.984,178.216,169.514,144.715
2525,219.417,204.513,192.106,178.324,169.633,144.841
2530,219.507,204.596,192.217,178.443,169.747,144.95
2535,219.585,204.694,192.316,178.536,169.846,145.047
2540,219.663,204.805,192.401,178.647,169.941,145.146
2545,219.785,204.918,192.515,178.744,170.064,145.274
2550,219.903,204.994,192.641,178.87,170.18,145.405
2555,220.001,205.119,192.752,178.981,170.301,145.506
2560,220.082,205.213,192.853,179.082,170.398,145.623
2565,220.188,205.3,192.956,179.189,170.517,145.712
2570,220.304,205.416,193.052,179.285,170.612,145.818
2575,220.376,205.542,193.151,179.398,170.708,145.927
2580,220.478,205.607,193.265,179.51,170.809,146.02
2585,220.589,205.74,193.377,179.618,170.915,146.139
2590,220.667,205.831,193.484,179.707,171.035,146.23
2595,220.761,205.898,193.576,179.81,171.119,146.355
2600,220.847,206.004,193.667,179.911,171.226,146.432
2605,220.928,206.115,193.779,180.009,171.339,146.554
2610,221.011,206.202,193.862,180.124,171.429,146.671
2615,221.109,206.282,193.975,180.215,171.542,146.776
2620,221.223,206.384,194.072,180.316,171.647,146.891
2625,221.341,206.48,194.191,180.432,171.752,146.988
2630,221.416,206.577,194.275,180.543,171.869,147.096
2635,221.53,206.689,194.375,180.651,171.981,147.207
2640,221.644,206.789,194.497,180.752,172.066,147.294
2645,221.757,206.903,194.59,180.865,172.183,147.383
2650,221.828,207.003,194.685,180.958,172.304,147.49
2655,221.916,207.1,194.792,181.064,172.392,147.591
2660,222.008,207.2,194.915,181.181,172.505,147.678
2665,222.148,207.318,195.009,181.287,172.631,147.771
2670,222.213,207.414,195.101,181.384,172.72,147.876
2675,222.346,207.515,195.212,181.499,172.829,147.963
2680,222.44,207.642,195.32,181.597,172.936,148.068
2685,222.551,207.71,195.415,181.694,173.038,148.167
2690,222.659,207.838,195.515,181.795,173.129,148.25
2695,222.729,207.921,195.629,181.907,173.246,148.351
2700,222.854,208.015,195.73,182.006,173.318,148.453
2705,222.943,208.101,195.827,182.095,173.437,148.554
2710,223.015,208.218,195.919,182.193,173.542,148.671
2715,223.095,208.304,196.024,182.3,173.642,148.754
2720,223.173,208.385,196.126,182.388,173.737,148.853
2725,223.259,208.499,196.221,182.503,173.828,148.95
2730,223.348,208.566,196.325,182.607,173.926,149.035
2735,223.428,208.677,196.42,182.694,174.035,149.152
2740,223.545,208.766,196.518,182.804,174.137,149.259
2745,223.586,208.841,196.6,182.903,174.224,149.342
2750,223.675,208.931,196.685,182.985,174.325,149.435
2755,223.758,209.018,196.785,183.094,174.415,149.544
2760,223.838,209.11,196.869,183.178,174.508,149.639
2765,223.878,209.167,196.938,183.261,174.586,149.73
2770,223.947,209.228,197.042,183.339,174.687,149.835
2775,224.039,209.334,197.115,183.424,174.77,149.916
2780,224.113,209.398,197.201,183.534,174.882,150.041
2785,224.205,209.487,197.301,183.625,174.977,150.134
2790,224.283,209.576,197.39,183.713,175.08,150.219
2795,224.394,209.654,197.494,183.828,175.184,150.298
2800,224.482,209.749,197.577,183.922,175.283,150.387
2805,224.568,209.852,197.675,184.015,175.373,150.482
2810,224.646,209.944,197.75,184.101,175.466,150.54
2815,224.735,210.033,197.858,184.182,175.569,150.619
2820,224.829,210.122,197.966,184.292,175.655,150.694
2825,224.937,210.225,198.055,184.391,175.752,150.777
2830,225.056,210.331,198.147,184.479,175.842,150.833
2835,225.14,210.434,198.236,184.576,175.935,150.916
2840,225.223,210.481,198.318,184.646,176.009,150.979
2845,225.284,210.601,198.392,184.723,176.076,151.039
2850,225.395,210.69,198.485,184.809,176.187,151.132
2855,225.453,210.751,198.573,184.892,176.261,151.213
2860,225.525,210.835,198.642,184.972,176.317,151.31
2865,225.622,210.929,198.726,185.057,176.4,151.391
2870,225.686,210.974,198.804,185.129,176.47,151.472
2875,225.75,211.063,198.877,185.207,176.573,151.577
2880,225.855,211.16,198.981,185.304,176.67,151.674
2885,225.933,211.199,199.063,185.384,176.748,151.767
2890,226.008,211.322,199.152,185.473,176.827,151.874
2895,226.083,211.405,199.23,185.551,176.915,151.955
2900,226.144,211.464,199.315,185.636,176.98,152.05
2905,226.255,211.564,199.393,185.73,177.072,152.13
2910,226.324,211.625,199.467,185.809,177.165,152.201
2915,226.421,211.712,199.558,185.903,177.264,152.292
2920,226.479,211.812,199.65,185.996,177.336,152.403
2925,226.562,211.906,199.749,186.088,177.435,152.482
2930,226.665,211.99,199.825,186.162,177.507,152.553
2935,226.754,212.057,199.901,186.251,177.596,152.646
2940,226.826,212.14,200.006,186.333,177.678,152.714
2945,226.89,212.188,200.076,186.424,177.763,152.807
2950,226.942,212.302,200.148,186.504,177.843,152.896
2955,227.012,212.38,200.235,186.597,177.936,152.981
2960,227.076,212.41,200.309,186.671,178.016,153.068
2965,227.142,212.51,200.397,186.756,178.101,153.139
2970,227.198,212.591,200.476,186.84,178.185,153.217
2975,227.253,212.633,200.552,186.9,178.255,153.308
2980,227.339,212.719,200.626,186.995,178.332,153.389
2985,227.395,212.822,200.699,187.069,178.414,153.482
2990,227.472,212.856,200.767,187.154,178.481,153.575
2995,227.514,212.928,200.843,187.212,178.559,153.636
3000,227.575,213.0,200.92,187.298,178.626,153.712
3005,227.641,213.012,200.964,187.353,178.686,153.799
3010,227.669,213.103,201.04,187.423,178.769,153.884
3015,227.716,213.152,201.114,187.499,178.865,153.961
3020,227.769,213.169,201.167,187.553,178.905,154.027
3025,227.788,213.248,201.231,187.616,178.982,154.146
3030,227.825,213.327,201.286,187.686,179.051,154.191
3035,227.872,213.33,201.325,187.752,179.114,154.278
3040,227.93,213.412,201.402,187.829,179.197,154.364
3045,227.971,213.499,201.474,187.896,179.272,154.431
3050,228.038,213.546,201.525,187.955,179.327,154.506
3055,228.078,213.561,201.578,188.005,179.395,154.611
3060,228.126,213.627,201.639,188.073,179.462,154.684
3065,228.173,213.68,201.671,188.124,179.516,154.74
3070,228.194,213.696,201.722,188.175,179.559,154.795
3075,228.254,213.784,201.784,188.231,179.635,154.901
3080,228.36,213.84,201.881,188.329,179.726,154.985
3085,228.386,213.891,201.919,188.369,179.77,155.049
3090,228.426,213.945,201.977,188.42,179.829,155.105
3095,228.462,213.993,202.032,188.511,179.901,155.177
3100,228.499,214.037,202.081,188.54,179.947,155.228
3105,228.516,214.083,202.132,188.613,180.009,155.296
3110,228.584,214.126,202.192,188.673,180.084,155.396
3115,228.653,214.19,202.24,188.724,180.134,155.455
3120,228.721,214.28,202.321,188.799,180.216,155.559
3125,228.743,214.313,202.388,188.882,180.287,155.627
3130,228.797,214.338,202.428,188.932,180.347,155.679
3135,228.833,214.408,202.48,188.983,180.394,155.748
3140,228.872,214.488,202.552,189.057,180.478,155.829
3145,228.952,214.519,202.612,189.124,180.549,155.886
3150,229.01,214.575,202.688,189.188,180.632,155.974
3155,229.087,214.636,202.746,189.264,180.701,156.052
3160,229.15,214.728,202.803,189.323,180.766,156.119
3165,229.233,214.801,202.875,189.381,180.828,156.193
3170,229.315,214.867,202.952,189.453,180.892,156.261
3175,229.413,214.954,203.025,189.536,180.982,156.345
3180,229.467,215.052,203.096,189.63,181.052,156.421
3185,229.53,215.091,203.164,189.67,181.113,156.44
3190,229.573,215.121,203.203,189.726,181.173,156.516
3195,229.654,215.182,203.286,189.808,181.24,156.594
3200,229.782,215.28,203.372,189.905,181.351,156.684
3205,229.859,215.375,203.458,189.971,181.422,156.761
3210,229.923,215.428,203.529,190.053,181.473,156.824
3215,230.019,215.517,203.609,190.131,181.56,156.896
3220,230.087,215.585,203.71,190.22,181.654,157.007
3225,230.152,215.687,203.762,190.281,181.717,157.054
3230,230.242,215.754,203.844,190.356,181.785,157.123
3235,230.284,215.796,203.898,190.412,181.84,157.182
3240,230.36,215.908,203.987,190.501,181.934,157.274
3245,230.444,215.995,204.076,190.592,182.005,157.342
3250,230.457,216.012,204.113,190.639,182.042,157.414
3255,230.507,216.051,204.154,190.682,182.109,157.481
3260,230.6,216.145,204.271,190.779,182.22,157.552
3265,230.696,216.229,204.311,190.848,182.265,157.609
3270,230.781,216.284,204.384,190.916,182.353,157.672
3275,230.834,216.362,204.456,190.981,182.404,157.737
3280,230.899,216.398,204.503,191.046,182.473,157.796
3285,230.981,216.498,204.587,191.103,182.54,157.884
3290,231.009,216.578,204.644,191.168,182.595,157.949
3295,231.1,216.628,204.718,191.239,182.684,158.012
3300,231.207,216.712,204.792,191.311,182.738,158.056
3305,231.319,216.804,204.887,191.382,182.815,158.12
3310,231.412,216.889,204.964,191.468,182.901,158.188
3315,231.489,216.934,205.019,191.516,182.955,158.251
3320,231.617,217.053,205.134,191.627,183.049,158.336
3325,231.686,217.123,205.182,191.669,183.102,158.384
3330,231.766,217.214,205.242,191.751,183.149,158.452
3335,231.819,217.3,205.336,191.825,183.247,158.527
3340,231.888,217.346,205.39,191.875,183.284,158.58
3345,231.92,217.408,205.453,191.944,183.341,158.626
3350,232.013,217.488,205.54,192.019,183.441,158.727
3355,232.081,217.539,205.596,192.094,183.481,158.786
3360,232.129,217.591,205.674,192.149,183.56,158.871
3365,232.192,217.654,205.744,192.227,183.629,158.952
3370,232.299,217.757,205.83,192.314,183.724,159.025
3375,232.324,217.822,205.889,192.387,183.785,159.093
3380,232.349,217.844,205.922,192.415,183.838,159.145
3385,232.421,217.898,205.98,192.467,183.878,159.189
3390,232.516,218.01,206.073,192.564,183.962,159.272
3395,232.611,218.093,206.165,192.647,184.066,159.336
3400,232.572,218.09,206.205,192.681,184.094,159.378
3405,232.639,218.152,206.253,192.73,184.141,159.453
3410,232.682,218.227,206.33,192.813,184.207,159.513
3415,232.734,218.23,206.384,192.867,184.277,159.57
3420,232.735,218.279,206.423,192.926,184.312,159.619
3425,232.779,218.351,206.477,192.988,184.392,159.689
3430,232.824,218.365,206.533,193.043,184.456,159.761
3435,232.857,218.443,206.586,193.096,184.505,159.8
3440,232.928,218.517,206.636,193.147,184.561,159.891
3445,232.969,218.574,206.697,193.221,184.625,159.943
3450,233.055,218.615,206.758,193.279,184.709,160.009
3455,233.121,218.682,206.801,193.337,184.759,160.081
3460,233.175,218.723,206.871,193.401,184.819,160.143
3465,233.23,218.803,206.94,193.481,184.895,160.236
3470,233.337,218.861,207.016,193.545,184.951,160.298
3475,233.398,218.931,207.072,193.598,185.008,160.357
3480,233.456,218.989,207.142,193.666,185.058,160.409
3485,233.516,219.072,207.202,193.724,185.132,160.474
3490,233.558,219.128,207.259,193.774,185.185,160.534
3495,233.619,219.169,207.313,193.831,185.231,160.589
3500,233.663,219.252,207.369,193.871,185.283,160.651
3505,233.715,219.275,207.413,193.929,185.331,160.716
3510,233.762,219.327,207.476,193.985,185.39,160.774
3515,233.804,219.38,207.52,194.044,185.454,160.847
3520,233.839,219.424,207.578,194.088,185.496,160.903
3525,233.903,219.471,207.63,194.144,185.563,160.952
3530,233.969,219.527,207.681,194.216,185.627,161.016
3535,233.975,219.555,207.729,194.267,185.673,161.075
3540,234.011,219.594,207.789,194.319,185.729,161.125
3545,234.027,219.66,207.841,194.359,185.79,161.196
3550,234.082,219.685,207.889,194.407,185.82,161.264
3555,234.099,219.702,207.934,194.458,185.876,161.285
3560,234.104,219.763,207.978,194.502,185.931,161.351
3565,234.173,219.804,208.006,194.56,185.993,161.392
3570,234.198,219.829,208.066,194.616,186.039,161.46
3575,234.231,219.882,208.106,194.661,186.099,161.513
3580,234.281,219.937,208.173,194.713,186.162,161.563
3585,234.323,219.979,208.205,194.767,186.198,161.623
3590,234.375,220.018,208.249,194.821,186.252,161.692
3595,234.4,220.073,208.305,194.868,186.319,161.746
3600,234.441,220.082,208.331,194.91,186.363,161.787
3605,234.499,220.168,208.398,194.974,186.433,161.859
3610,234.527,220.179,208.448,195.032,186.459,161.908
3615,234.578,220.227,208.487,195.073,186.507,161.982
3620,234.601,220.288,208.532,195.129,186.57,162.021
3625,234.64,220.326,208.57,195.165,186.608,162.073
3630,234.673,220.345,208.611,195.199,186.67,162.136
3635,234.681,220.403,208.663,195.263,186.709,162.18
3640,234.745,220.456,208.705,195.298,186.755,162.237
3645,234.806,220.487,208.739,195.34,186.803,162.279
3650,234.836,220.509,208.795,195.386,186.857,162.343
3655,234.88,220.584,208.842,195.448,186.924,162.402
3660,234.97,220.621,208.903,195.524,186.985,162.472
3665,235.048,220.701,208.969,195.576,187.062,162.522
3670,235.114,220.765,209.031,195.62,187.114,162.583
3675,235.18,220.823,209.098,195.68,187.17,162.636
3680,235.25,220.917,209.171,195.771,187.241,162.688
3685,235.324,220.966,209.243,195.84,187.309,162.744
3690,235.331,220.984,209.262,195.88,187.354,162.779
3695,235.379,221.052,209.356,195.946,187.408,162.85
3700,235.45,221.127,209.417,196.025,187.486,162.944
3705,235.488,221.149,209.46,196.059,187.526,162.964
3710,235.524,221.205,209.499,196.119,187.565,163.028
3715,235.557,221.266,209.558,196.182,187.619,163.081
3720,235.596,221.283,209.606,196.216,187.673,163.12
3725,235.608,221.339,209.631,196.241,187.714,163.183
3730,235.668,221.377,209.68,196.302,187.777,163.225
3735,235.717,221.405,209.733,196.353,187.797,163.281
3740,235.752,221.483,209.774,196.416,187.863,163.343
3745,235.832,221.552,209.853,196.469,187.934,163.405
3750,235.854,221.554,209.885,196.492,187.963,163.453
3755,235.909,221.618,209.927,196.548,188.019,163.505
3760,235.945,221.646,209.972,196.6,188.08,163.564
3765,235.978,221.674,210.012,196.647,188.11,163.59
3770,236.036,221.749,210.064,196.7,188.16,163.654
3775,236.099,221.812,210.108,196.753,188.226,163.705
3780,236.133,221.829,210.158,196.781,188.266,163.769
3785,236.182,221.893,210.202,196.837,188.304,163.812
3790,236.246,221.934,210.263,196.901,188.365,163.87
3795,236.287,221.965,210.319,196.934,188.411,163.918
3800,236.334,222.02,210.345,196.994,188.447,163.973
3805,236.384,222.079,210.397,197.036,188.505,164.033
3810,236.417,222.106,210.451,197.088,188.546,164.07
3815,236.461,222.167,210.498,197.118,188.598,164.114
3820,236.489,222.228,210.534,197.173,188.632,164.158
3825,236.538,222.251,210.574,197.231,188.692,164.219
3830,236.61,222.309,210.624,197.265,188.757,164.281
3835,236.682,222.37,210.69,197.317,188.799,164.346
3840,236.759,222.409,210.737,197.361,188.861,164.38
3845,236.818,222.478,210.785,197.42,188.914,164.416
3850,236.884,222.523,210.852,197.488,188.968,164.471
3855,236.944,222.592,210.917,197.546,189.006,164.527
3860,237.005,222.661,210.966,197.611,189.095,164.549
3865,237.069,222.724,211.033,197.673,189.151,164.602
3870,237.141,222.783,211.107,197.736,189.217,164.648
3875,237.21,222.863,211.159,197.778,189.272,164.706
3880,237.26,222.91,211.224,197.856,189.324,164.751
3885,237.285,222.957,211.268,197.888,189.368,164.785
3890,237.349,223.01,211.328,197.949,189.447,164.858
3895,237.406,223.06,211.375,198.007,189.477,164.9
3900,237.456,223.121,211.426,198.059,189.541,164.95
3905,237.478,223.168,211.495,198.099,189.569,165.013
3910,237.531,223.24,211.525,198.16,189.63,165.057
3915,237.568,223.255,211.569,198.191,189.67,165.106
3920,237.609,223.288,211.615,198.243,189.725,165.168
3925,237.692,223.353,211.664,198.293,189.783,165.212
3930,237.739,223.398,211.725,198.359,189.827,165.241
3935,237.78,223.453,211.768,198.399,189.893,165.293
3940,237.823,223.526,211.84,198.473,189.929,165.335
3945,237.865,223.541,211.873,198.51,189.976,165.38
3950,237.888,223.588,211.912,198.538,190.014,165.432
3955,237.91,223.61,211.937,198.593,190.064,165.482
3960,237.974,223.655,211.983,198.641,190.095,165.529
3965,237.979,223.679,212.031,198.673,190.143,165.585
3970,238.024,223.73,212.073,198.723,190.191,165.621
3975,238.049,223.766,212.115,198.761,190.231,165.68
3980,238.081,223.807,212.166,198.789,190.255,165.7
3985,238.12,223.861,212.213,198.844,190.319,165.793
3990,238.194,223.894,212.247,198.898,190.37,165.817
3995,238.236,223.935,212.284,198.938,190.42,165.857
4000,238.278,223.995,212.365,198.995,190.475,165.934
4005,238.355,224.072,212.399,199.061,190.541,165.986
4010,238.433,224.12,212.453,199.095,190.577,166.019
4015,238.496,224.192,212.511,199.162,190.635,166.073
4020,238.537,224.251,212.555,199.205,190.668,166.099
4025,238.595,224.282,212.613,199.264,190.74,166.174
4030,238.631,224.328,212.65,199.306,190.8,166.214
4035,238.684,224.394,212.724,199.359,190.838,166.242
4040,238.731,224.427,212.77,199.407,190.883,166.256
4045,238.77,224.491,212.818,199.455,190.935,166.307
4050,238.825,224.552,212.885,199.507,190.987,166.351
4055,238.893,224.578,212.933,199.559,191.023,166.387
4060,238.929,224.645,212.979,199.613,191.078,166.405
4065,238.979,224.71,213.021,199.67,191.128,166.45
4070,239.021,224.741,213.066,199.706,191.154,166.472
4075,239.068,224.796,213.114,199.746,191.208,166.52
4080,239.112,224.824,213.156,199.788,191.24,166.557
4085,239.189,224.874,213.198,199.835,191.311,166.603
4090,239.214,224.954,213.24,199.875,191.347,166.639
4095,239.275,224.96,213.28,199.937,191.395,166.686
4100,239.311,225.007,213.331,199.949,191.415,166.718
4105,239.363,225.068,213.377,200.022,191.472,166.756
4110,239.427,225.129,213.437,200.064,191.512,166.819
4115,239.496,225.162,213.501,200.124,191.576,166.861
4120,239.534,225.24,213.553,200.158,191.612,166.913
4125,239.611,225.304,213.606,200.214,191.687,166.962
4130,239.664,225.343,213.648,200.271,191.709,167.008
4135,239.705,225.387,213.688,200.301,191.745,167.022
4140,239.769,225.443,213.734,200.343,191.813,167.065
4145,239.821,225.473,213.78,200.387,191.849,167.131
4150,239.86,225.542,213.837,200.451,191.89,167.179
4155,239.915,225.606,213.909,200.498,191.952,167.188
4160,239.948,225.626,213.947,200.544,191.988,167.218
4165,239.99,225.673,213.977,200.58,192.028,167.244
4170,240.028,225.717,214.037,200.64,192.083,167.296
4175,240.061,225.745,214.076,200.656,192.099,167.335
4180,240.103,225.789,214.108,200.705,192.145,167.377
4185,240.142,225.845,214.148,200.763,192.201,167.427
4190,240.177,225.878,214.202,200.805,192.245,167.464
4195,240.238,225.933,214.246,200.837,192.296,167.52
4200,240.288,225.983,214.287,200.893,192.338,167.599
4205,240.349,226.014,214.337,200.946,192.37,167.633
4210,240.379,226.103,214.377,200.978,192.414,167.693
4215,240.431,226.144,214.429,201.024,192.45,167.74
4220,240.478,226.164,214.467,201.054,192.486,167.77
4225,240.52,226.208,214.513,201.098,192.537,167.816
4230,240.578,226.261,214.554,201.149,192.591,167.851
4235,240.591,226.283,214.592,201.187,192.601,167.901
4240,240.638,226.336,214.634,201.225,192.643,167.923
4245,240.666,226.388,214.686,201.271,192.693,167.959
4250,240.688,226.388,214.722,201.317,192.744,168.004
4255,240.713,226.435,214.76,201.359,192.782,168.054
4260,240.743,226.463,214.795,201.396,192.822,168.092
4265,240.746,226.48,214.817,201.426,192.846,168.139
4270,240.746,226.499,214.863,201.472,192.888,168.191
4275,240.801,226.535,214.897,201.516,192.939,168.217
4280,240.823,226.574,214.925,201.554,192.975,168.267
4285,240.881,226.605,214.967,201.586,193.031,168.314
4290,240.912,226.657,215.003,201.633,193.059,168.36
4295,240.928,226.682,215.04,201.657,193.081,168.392
4300,240.975,226.693,215.058,201.687,193.117,168.433
4305,241.019,226.752,215.114,201.729,193.168,168.461
4310,241.025,226.754,215.132,201.759,193.192,168.491
4315,241.039,226.81,215.164,201.795,193.222,168.543
4320,241.077,226.849,215.208,201.838,193.258,168.592
4325,241.08,226.815,215.21,201.856,193.286,168.614
4330,241.099,226.879,215.26,201.874,193.324,168.66
4335,241.105,226.885,215.295,201.912,193.357,168.69
4340,241.108,226.899,215.325,201.95,193.395,168.719
4345,241.113,226.929,215.327,201.978,193.417,168.765
4350,241.108,226.94,215.359,202.014,193.445,168.807
4355,241.155,226.971,215.381,202.042,193.485,168.833
4360,241.146,226.985,215.393,202.065,193.485,168.882
4365,241.16,227.007,215.421,202.083,193.521,168.904
4370,241.177,227.01,215.439,202.089,193.533,168.94
4375,241.202,227.026,215.461,202.127,193.572,168.964
4380,241.213,227.073,215.473,202.153,193.602,168.986
4385,241.237,227.057,215.489,202.183,193.62,169.025
4390,241.232,227.068,215.507,202.179,193.654,169.069
4395,241.237,227.082,215.548,202.225,193.68,169.103
4400,241.248,227.098,215.568,202.241,193.696,169.133
4405,241.279,227.126,215.59,202.283,193.75,169.162
4410,241.325,227.168,215.638,202.318,193.781,169.2
4415,241.358,227.187,215.648,202.36,193.815,169.222
4420,241.394,227.223,215.68,202.386,193.847,169.222
4425,241.408,227.256,215.712,202.416,193.899,169.286
4430,241.495,227.312,215.769,202.462,193.935,169.323
4435,241.545,227.345,215.809,202.494,193.98,169.345
4440,241.603,227.381,215.841,202.518,193.998,169.357
4445,241.649,227.44,215.869,202.569,194.026,169.355
4450,241.715,227.487,215.917,202.605,194.084,169.383
4455,241.773,227.545,215.951,202.641,194.096,169.407
4460,241.852,227.584,215.993,202.699,194.164,169.429
4465,241.872,227.631,216.032,202.717,194.176,169.456
4470,241.946,227.709,216.088,202.782,194.227,169.498
4475,242.025,227.747,216.154,202.83,194.277,169.512
4480,242.05,227.795,216.19,202.856,194.321,169.524
4485,242.102,227.839,216.232,202.892,194.359,169.566
4490,242.149,227.897,216.289,202.944,194.381,169.599
4495,242.218,227.933,216.323,202.982,194.428,169.593
4500,242.248,228.0,216.363,203.015,194.47,169.601
4505,242.273,228.05,216.407,203.045,194.478,169.625
4510,242.314,228.05,216.425,203.085,194.512,169.629
4515,242.374,228.083,216.475,203.123,194.546,169.659
4520,242.369,228.125,216.498,203.149,194.566,169.689
4525,242.393,228.138,216.518,203.183,194.6,169.723
4530,242.44,228.197,216.564,203.211,194.645,169.776
4535,242.459,228.23,216.618,203.266,194.695,169.808
4540,242.492,228.255,216.654,203.288,194.715,169.85
4545,242.522,228.299,216.68,203.326,194.741,169.887
4550,242.572,228.343,216.706,203.348,194.767,169.921
4555,242.605,228.343,216.726,203.362,194.783,169.935
4560,242.632,228.41,216.759,203.406,194.818,169.963
4565,242.676,228.398,216.785,203.426,194.844,169.989
4570,242.698,228.426,216.813,203.448,194.866,169.997
4575,242.709,228.492,216.845,203.477,194.892,170.038
4580,242.726,228.514,216.871,203.513,194.916,170.08
4585,242.742,228.492,216.893,203.525,194.934,170.102
4590,242.745,228.531,216.927,203.563,194.976,170.146
4595,242.769,228.561,216.945,203.561,194.998,170.15
4600,242.756,228.55,216.973,203.595,195.014,170.201
4605,242.756,228.589,216.988,203.631,195.051,170.213
4610,242.761,228.611,217.01,203.661,195.073,170.261
4615,242.786,228.597,217.026,203.669,195.087,170.273
4620,242.805,228.639,217.05,203.694,195.109,170.319
4625,242.8,228.644,217.064,203.716,195.127,170.354
4630,242.819,228.633,217.092,203.76,195.151,170.388
4635,242.816,228.669,217.112,203.764,195.179,170.424
4640,242.841,228.675,217.132,203.778,195.203,170.456
4645,242.835,228.666,217.132,203.804,195.223,170.479
4650,242.852,228.686,217.162,203.83,195.25,170.519
4655,242.83,228.746,217.172,203.842,195.264,170.561
4660,242.83,228.708,217.186,203.864,195.286,170.579
