Tiempo,Altura,Senal_de_Control,Set_value
0.12177239999982703,-2.58754863,100.0,30
0.1520884000001388,-2.58754863,78.7512334581118,30
0.18441920000077516,-2.58754863,78.87518422484916,30
0.21665759999996226,-2.58754863,78.9987807457582,30
0.26400570000078005,-2.58754863,79.18030527650112,30
0.2970370000002731,-2.58754863,79.30694164062413,30
0.3286913000010827,-2.58754863,79.42829882187414,30
0.3602477000004001,-2.58754863,79.54928067123478,30
0.39303909999944153,-2.58754863,79.67499729971883,30
0.4245320999998512,-2.58754863,79.79573608430918,30
0.45639200000005076,-2.58754863,79.91788150085077,30
0.48928350000096543,-2.58754863,80.04398189564999,30
0.5204465999995591,-2.58754863,80.16345589996361,30
0.5523460999993404,-2.58754863,80.2857531361419,30
0.5851978999999119,-2.58754863,80.41170132791858,30
0.6165660999995453,-2.58754863,80.53196165061547,30
0.6642941999998584,-2.58754863,80.71494303647167,30
0.6972387000005256,-2.58754863,80.84124662422023,30
0.7285434000004898,-2.58754863,80.96126349876099,30
0.760152000000744,-2.58754863,81.0824454740121,30
0.7931521000009525,-2.58754863,81.20896222266525,30
0.8242272999996203,-2.58754863,81.32809923338802,30
0.8563247000001866,-2.58754863,81.45115518437802,30
0.889160599999741,-2.58754863,81.5770424182657,30
0.9207249999999476,-2.58754863,81.69805493826375,30
0.9522868000003655,-2.58754863,81.81905749030656,30
0.985418700000082,-2.58754863,81.94607953765305,30
1.017720100000588,-2.58754863,82.06991758980995,30
1.0654924000009487,-2.58754863,82.2530684309192,30
1.0971802000003663,-2.58754863,82.37455404544376,30
1.1290430999997625,-2.58754863,82.49671096347001,30
1.160682400000951,-2.58754863,82.61801063728271,30
1.1933767999998963,-2.58754863,82.74335538432909,30
1.2251365000010992,-2.58754863,82.86511665118361,30
1.2565238999995927,-2.58754863,82.98545058339775,30
1.2891591999996308,-2.58754863,83.11056875113961,30
1.321249099999477,-2.58754863,83.23359594840748,30
1.3523406000003888,-2.58754863,83.35279545055563,30
1.3851572000003216,-2.58754863,83.47860869154023,30
1.4170764999998937,-2.58754863,83.60098183753689,30
1.4645278999996663,-2.58754863,83.78290240283738,30
1.4971729000008054,-2.58754863,83.90805775872721,30
1.5289769999999407,-2.58754863,84.02998924759252,30
1.5621141999999963,-2.58754863,84.15703161423534,30
1.5934520000009798,-2.58754863,84.27717538852818,30
1.6252956999996968,-2.58754863,84.39925869703022,30
1.6568120000010822,-2.58754863,84.52008680984585,30
1.6895191000003251,-2.58754863,84.64548024652487,30
1.7207287000001088,-2.58754863,84.76513252390319,30
1.752831800000422,-2.58754863,84.88821032771895,30
1.7854131999993115,-2.58754863,85.0131218520598,30
1.8170446999993146,-2.58754863,85.13439162199981,30
1.8645046000001457,-2.58754863,85.31634477485298,30
1.8971490999992966,-2.58754863,85.44149821382054,30
1.9288422999998147,-2.58754863,85.56300453102729,30
1.9602625999996235,-2.58754863,85.6834645962288,30
1.9932523999996192,-2.58754863,85.80994185643985,30
2.024697599999854,-2.58754863,85.93049738399134,30
2.0577613999994355,-2.58754863,86.05725834756534,30
2.0891654000006383,-2.58754863,86.17765592135542,30
2.121083300000464,-2.58754863,86.3000236999921,30
2.152512399999978,-2.58754863,86.42051750288991,30
2.185404500000004,-2.58754863,86.54662019798329,30
2.2167828000001464,-2.58754863,86.66691924235757,30
2.2643950000001496,-2.58754863,86.84945628740243,30
2.297294600000896,-2.58754863,86.97558773621793,30
2.3289368000005197,-2.58754863,87.09689852812946,30
2.3604690000011033,-2.58754863,87.21778759882709,30
2.3931704000005993,-2.58754863,87.34315918268035,30
2.424853099999382,-2.58754863,87.46462524467329,30
2.4562232999996922,-2.58754863,87.58489323503129,30
2.488930999999866,-2.58754863,87.71028897201141,30
2.5211507999993046,-2.58754863,87.83381418369737,30
2.5536236000007193,-2.58754863,87.9583093541913,30
2.585101599999689,-2.58754863,88.07899063133736,30
2.6172576999997545,-2.58754863,88.20227162810245,30
2.6650422000002436,-2.58754863,88.38546924192906,30
2.6973020999994333,-2.58754863,88.50914819016701,30
2.7292249000001902,-2.58754863,88.6315347545706,30
2.7604563999993843,-2.58754863,88.75127099280724,30
2.7930974000009883,-2.58754863,88.87641101338184,30
2.8250416000009864,-2.58754863,88.99887962172849,30
2.856365100000403,-2.58754863,89.11896857225705,30
2.8889436999997997,-2.58754863,89.24386936187794,30
2.920946599999297,-2.58754863,89.36656301599967,30
2.952492100001109,-2.58754863,89.48750307663104,30
2.985005900000033,-2.58754863,89.61215543411468,30
3.017102400001022,-2.58754863,89.73520793465998,30
3.0656285999993997,-2.58754863,89.92124909963367,30
3.097178600000916,-2.58754863,90.04220641249555,30
3.1294930999993085,-2.58754863,90.1660946878075,30
3.1605546999999206,-2.58754863,90.28517955845993,30
3.193108999999822,-2.58754863,90.40998718603197,30
3.225090800000544,-2.58754863,90.53259994636119,30
3.2564112000000023,-2.58754863,90.65267701201925,30
3.2892327000008663,-2.58754863,90.77850903877075,30
3.321415300000808,-2.58754863,90.9018916320105,30
3.3526070000007167,-2.58754863,91.02147528384573,30
3.3848367000009603,-2.58754863,91.14503845044433,30
3.417074099999809,-2.58754863,91.26863113752285,30
3.464493900000889,-2.58754863,91.45043055382402,30
3.497167699999409,-2.58754863,91.57569632398622,30
3.5303554000001895,-2.58754863,91.70293229900895,30
3.5604913999995915,-2.58754863,91.8184685773024,30
3.5950205999997706,-2.58754863,91.95084763426249,30
3.625203199999305,-2.58754863,92.06656256899952,30
3.656794300000911,-2.58754863,92.18767745224393,30
3.689405400000396,-2.58754863,92.31270284131581,30
3.7210433000000194,-2.58754863,92.43399714776156,30
3.752459999999701,-2.58754863,92.55444341117729,30
3.7850171999998565,-2.58754863,92.67926215685513,30
3.817477200000212,-2.58754863,92.8037082543306,30
3.8646325999998226,-2.58754863,92.98449400617228,30
3.8970351000007213,-2.58754863,93.10871965846792,30
3.93035079999936,-2.58754863,93.23644636362653,30
3.962607499999649,-2.58754863,93.36011304361507,30
3.9935693000006722,-2.58754863,93.47881529810986,30
4.025624800000514,-2.58754863,93.60171061165148,30
4.057543999999325,-2.58754863,93.7240833742623,30
4.0897481000010885,-2.58754863,93.84754839483793,30
4.121644000000742,-2.58754863,93.96983182923044,30
4.153276200000619,-2.58754863,94.09110428285042,30
4.185264499999903,-2.58754863,94.21374196306428,30
4.217733499999667,-2.58754863,94.33822256500072,30
4.264892099999997,-2.58754863,94.51902058509877,30
4.297156799999357,-2.58754863,94.64271793571778,30
4.32978329999969,-2.58754863,94.76780236576336,30
4.360703399999693,-2.58754863,94.88634474957449,30
4.392987999999605,-2.58754863,95.01011839339769,30
4.426003900000069,-2.58754863,95.13669571655396,30
4.4573130999997375,-2.4513618600000004,89.2379357217868,30
4.489635399999315,-2.4513618600000004,95.33156260151515,30
4.5218260000001465,-2.4513618600000004,95.45446010847016,30
4.5533821000008174,-2.4513618600000004,95.57493521670686,30
4.585372400000779,-2.3151750900000003,89.8053740544539,30
4.618102300000828,-2.17898832,90.01325310911217,30
4.664974400000574,-2.04280155,91.8650232983105,30
4.697440199999619,-1.9066147800000002,90.1692264800683,30
4.729724000000715,-1.7704280100000003,90.20936951339922,30
4.761055999999371,-1.6342412400000002,90.10202332851756,30
4.7930818000004365,-1.49805447,90.30187750538411,30
4.825878499999817,-1.2256809300000002,84.76397463017429,30
4.857275899999877,-0.9533073900000001,84.27415968853367,30
4.889530200000081,-0.54474708,78.76690878939577,30
4.922282999999879,-0.27237354,84.75912392246059,30
4.9540302000004885,1.49805447,19.112732012739215,30
4.986267300000691,1.49805447,95.7629874649086,30
5.0182750999993,1.6342412400000002,89.98181549367243,30
5.065665199999785,1.7704280100000003,91.98671149624208,30
5.097680700000637,2.04280155,84.26319612724166,30
5.129812700000912,2.4513618600000004,78.44812801901209,30
5.161020800000188,2.8599221700000004,77.8869172714292,30
5.1930628000009165,3.4046692500000004,72.42886039130568,30
5.226000300001033,3.9494163300000005,72.97196455452784,30
5.257984199999555,4.4941634100000005,72.19886423001091,30
5.290219000000434,5.03891049,72.28321750529257,30
5.322319799999605,5.583657570000001,72.08633889709598,30
5.353761899999881,6.12840465,71.49441926998247,30
5.385727299999417,6.673151730000001,71.77917704850098,30
5.419006699999954,7.3540855800000005,66.93428725327651,30
5.465498200001093,7.898832660000001,78.86446109781791,30
5.497341800000868,8.44357974,71.35515714349732,30
5.529596300000776,8.988326820000001,71.54174603406997,30
5.561348100000032,9.669260670000002,65.12335079113818,30
5.593237400000362,10.21400775,70.9938574115289,30
5.625773600000684,10.894941600000001,65.5477536701628,30
5.657051100000899,11.575875450000002,64.21922389595403,30
5.68888700000025,12.2568093,64.56946759652499,30
5.72172110000065,12.937743150000001,65.28754644519782,30
5.752876200000173,13.618677000000002,63.57324578155142,30
5.784755099999529,14.29961085,64.07291241154786,30
5.817129600000044,14.980544700000001,64.33859339159814,30
5.864746100000048,15.525291780000002,77.39390818554008,30
5.896597200000542,16.206225630000002,63.56438065918819,30
5.92936870000085,16.750972710000003,69.95114334061225,30
5.961152600000787,17.43190656,63.16782446708083,30
5.9924081999997725,17.84046687,74.53224345908347,30
6.025711800000863,18.65758749,58.55350058578007,30
6.058751000000484,18.92996103,80.86135331027367,30
6.093012700001054,19.610894880000004,64.69941341236819,30
6.122234300000855,20.019455190000002,72.67801621706022,30
6.153299499999775,20.70038904,61.57630128673761,30
6.1851810999996815,21.108949350000003,73.96193626373521,30
6.217777500000011,21.789883200000002,62.66986327000836,30
6.2650248000009015,22.334630280000003,75.36747325780021,30
6.296933600000557,23.01556413,61.688239593803075,30
6.330023599999549,23.560311210000002,68.21553301454266,30
6.360924700000396,23.96887152,72.54175199873374,30
6.393181400000685,24.649805370000003,61.494652314993104,30
6.425584099999469,25.194552450000003,67.22000790545262,30
6.457276200000706,25.739299530000004,66.526242882758,30
6.48943859999963,26.147859840000002,72.55345353572234,30
6.522366900000634,26.692606920000003,67.10287905551246,30
6.553162100000918,27.10116723,71.46622924594901,30
6.584818200000882,27.645914310000002,65.87314816170345,30
6.61773390000053,28.054474620000004,72.31917205396572,30
6.6656091999993805,28.463034930000003,77.5070349477216,30
6.696911099999852,28.87159524,71.16525423672338,30
6.729337299999315,29.416342320000002,65.83180395167359,30
6.760639699999956,29.824902630000004,70.8319503474716,30
6.792201800000839,30.369649710000004,64.86333069009434,30
6.825232900000628,30.91439679,65.72106484834367,30
6.8578465999999025,31.459143870000002,65.23350016312264,30
6.888235100001111,32.003890950000006,63.35533600775031,30
6.921203899999455,32.6848248,59.360562799083105,30
6.95251559999997,33.22957188,63.62587422632562,30
6.984076200000345,33.77431896,63.6079161686839,30
7.018556799999715,34.455252810000005,59.93465914566139,30
7.066091599999709,34.999999890000005,71.09060632031985,30
7.0963198999997985,35.408560200000004,68.10540844667669,30
7.129653699999835,36.089494050000006,58.354265718206676,30
7.161290199999712,36.498054360000005,68.49856053229385,30
7.193111700000372,37.042801440000005,62.50886954416115,30
7.226211000001058,37.587548520000006,63.19414096235102,30
7.257391600000119,37.996108830000004,67.62542327798955,30
7.288327899999786,38.540855910000005,61.21786242865133,30
7.321451600000728,38.94941622,68.27801012451323,30
7.352896200000032,39.35797653,67.19517870300145,30
7.384435699999813,39.90272361,61.093198276962156,30
7.4171948000002885,40.31128392,67.49782695354905,30
7.464793299999656,40.856031,68.65442253337513,30
7.496397599999909,41.26459131000001,66.43321127269547,30
7.529555999999502,41.673151620000006,67.07509349378108,30
7.561848299999838,42.081711930000004,66.4314102912279,30
7.592170100000658,42.49027224,65.11414347426859,30
7.625517700000273,42.89883255,66.59738962702002,30
7.6571435000005295,43.171206090000005,71.44720682947901,30
7.68848220000109,43.579766400000004,65.18004135694036,30
7.721035799999299,43.98832671,65.65006777614504,30
7.752667799999472,44.39688702,64.95041218939991,30
7.784276200000022,44.669260560000005,70.70020778225064,30
7.817067100000713,45.077820870000004,65.22390820284642,30
7.864696200000253,45.48638118,70.32063105498708,30
7.896202100000664,45.758754720000006,70.07384727768394,30
7.929031100000429,46.167315030000005,64.65159823903261,30
7.9605924999996205,46.43968857,69.7308993276499,30
7.99185690000013,46.84824888000001,63.43342598890177,30
8.025050599999304,47.120622420000004,69.94422040728068,30
8.058127399999648,47.39299596000001,69.74060153994144,30
8.088013200000205,47.665369500000004,68.37557004711896,30
8.121615899999597,47.93774304,69.59220226587951,30
8.153067499999452,48.34630335000001,62.6760083607801,30
8.184459600000991,48.61867689,68.43178082048217,30
8.217147400000613,48.89105043000001,68.735054564915,30
8.264838499999314,49.299610740000006,68.16108103578239,30
8.29617060000055,49.57198428,67.81943677287575,30
8.328638500001034,49.844357820000006,68.0649029445136,30
8.36074920000101,50.11673136,67.76468995381086,30
8.392238200000065,50.38910490000001,67.36316402966949,30
8.42463090000092,50.66147844,67.51950904139069,30
8.45678930000031,50.797665210000005,73.1212445688579,30
8.488031999999293,51.206225520000004,60.762870495246105,30
8.520809100000406,51.342412290000006,72.87845395280914,30
8.554244700000709,51.61478583,67.21907473554269,30
8.585226200000761,51.887159370000006,66.15749363887917,30
8.61743159999969,52.15953291,66.43597424283165,30
8.665176200000133,52.43190645000001,69.9918988877897,30
8.696310799999992,52.56809322,71.68758322077797,30
8.728988400000162,52.840466760000005,66.06691266727749,30
8.76116379999985,53.1128403,65.70472623707508,30
8.792463600000701,53.249027070000004,71.21803213651654,30
8.824532900000122,53.385213840000006,71.22503518487149,30
8.85677030000079,53.65758738,65.27124431132533,30
8.888008399999308,53.793774150000004,70.74857530278011,30
8.920592200000101,54.06614769000001,65.07063249425453,30
8.95258560000002,54.20233446,70.56229265491122,30
8.984191400000782,54.338521230000005,70.35207757329974,30
9.016476500000863,54.47470800000001,70.3354893693146,30
9.065905699999348,54.61089477,72.1524358656774,30
9.095951799999966,54.74708154,69.57731721453658,30
9.12834010000006,54.883268310000005,69.88433069076126,30
9.161025499999596,54.883268310000005,75.55995905949152,30
9.19206800000029,55.01945508000001,69.39900116523611,30
9.224503400000685,55.01945508000001,75.3250481444739,30
9.257405300000755,55.15564185,69.49838687780208,30
9.288148600000568,55.15564185,75.08862506604227,30
9.320529200000237,55.15564185,74.99279509233877,30
9.35287419999986,55.15564185,74.89707047638244,30
9.384160400000837,55.15564185,74.80447936555043,30
9.416492500000459,55.15564185,74.70879292697998,30
9.465125700000499,55.15564185,74.56486359036582,30
9.496133399999962,55.15564185,74.47309669674478,30
9.529065300001093,55.15564185,74.37563515770144,30
9.561828100000639,55.15564185,74.27867406796122,30
9.592126900000949,55.15564185,74.189005154868,30
9.624858299999687,55.15564185,74.09213699303065,30
9.657171500000914,55.291828620000004,68.16319655606583,30
9.688451899999563,55.291828620000004,73.85484772920408,30
9.720542600000044,55.291828620000004,73.75936155453257,30
9.752822700000252,55.291828620000004,73.66331181841002,30
9.784173399999418,55.291828620000004,73.57002752058696,30
9.816443900001104,55.428015390000006,67.63304280940658,30
9.864951200001087,55.428015390000006,73.28031229098546,30
9.896096200000102,55.428015390000006,73.18714105106822,30
9.928492099999858,55.56420216000001,67.27168365077442,30
9.960950500000763,55.56420216000001,72.94402237504914,30
9.992113599999357,55.70038893,66.8035160757496,30
10.024198900000556,55.836575700000004,66.83032531241689,30
10.057049099999858,55.972762470000006,66.81753279496617,30
10.08873549999953,56.10894924000001,66.46314536048472,30
10.120842599999378,56.24513601,66.39324029939321,30
10.153283499999816,56.24513601,72.11493299709491,30
10.18433080000068,56.381322780000005,65.9499175280957,30
10.216491200000746,56.51750955000001,66.00989849808276,30
10.265143900000112,56.51750955000001,71.67032692488661,30
10.296233099999881,56.51750955000001,71.57333772984006,30
10.328415399999358,56.65369632000001,65.61610144369982,30
10.361172999999326,56.65369632000001,71.32163788470636,30
10.392304799999692,56.65369632000001,71.22401699728228,30
10.424848900000143,56.789883090000004,65.32969645132286,30
10.457150100000945,56.789883090000004,70.97157484246233,30
10.489701099999365,56.789883090000004,70.86898219723642,30
10.520665699999881,56.926069860000005,64.68615920852176,30
10.553372399999716,56.926069860000005,70.61922005819096,30
10.585030899999765,56.926069860000005,70.51893311905401,30
10.616774000000078,57.06225663000001,64.48118481063689,30
10.665313800000149,57.1984434,66.31549659120496,30
10.696357299999363,57.334630170000004,63.997196995041726,30
10.72850010000002,57.470816940000006,64.051182394418,30
10.76115480000044,57.60700371000001,63.98822081650177,30
10.792263400000593,57.74319048,63.5541246777101,30
10.823920299999372,57.879377250000005,63.506298033246146,30
10.856806800000413,58.01556402000001,63.57061017245983,30
10.888399200001004,58.28793756,57.21980529171666,30
10.920110299999578,58.424124330000005,63.00455260272142,30
10.952907900000355,58.56031110000001,63.0415571737084,30
10.984090800000558,58.69649787000001,62.59309771129566,30
11.016043800000261,58.968871410000006,56.68260173965671,30
11.065018299999792,59.10505818000001,64.34997210135194,30
11.096028600000864,59.10505818000001,68.06053069939392,30
11.129604899999322,59.24124495,62.32984553944847,30
11.161220600000888,59.377431720000004,61.82727438323534,30
11.193470000000161,59.377431720000004,67.6281629291192,30
11.22498160000032,59.377431720000004,67.51925353177889,30
11.257833699999537,59.377431720000004,67.40571114065116,30
11.288597599999775,59.377431720000004,67.29938592045141,30
11.320448800001031,59.377431720000004,67.18930280830588,30
11.35342060000039,59.24124495,72.79311934479544,30
11.384822600000916,59.24124495,67.01591342664013,30
11.416188400000465,55.972762470000006,100.0,30
11.464787999999317,55.836575700000004,71.82018053641265,30
11.49652480000077,55.70038893,73.81589137832785,30
11.52825440000015,55.56420216000001,73.769865333317,30
11.561548600000606,55.291828620000004,79.10436906106786,30
11.59241590000056,58.424124330000005,0.0,30
11.625185500000953,58.28793756,72.31023703501486,30
11.657111399999849,58.15175079000001,72.40330809739045,30
11.688580600000932,58.01556402000001,72.43262301472416,30
11.72019039999941,58.01556402000001,66.38856680839537,30
11.753186100000676,57.74319048,77.70714791153058,30
11.784601800000019,57.60700371000001,72.27302258304553,30
11.81625350000104,57.470816940000006,72.17443058107207,30
11.865350199999739,57.334630170000004,69.96622809161691,30
11.896533900000577,57.1984434,72.10152386809307,30
11.928095499999472,56.926069860000005,77.94838636865249,30
11.961307300000044,56.789883090000004,71.67502333316146,30
11.992522500000632,56.789883090000004,65.94842981027777,30
12.024269900000945,56.65369632000001,71.78476577764447,30
12.057488399999784,53.249027070000004,100.0,30
12.08869760000016,53.1128403,72.96029334319014,30
12.120705200000884,52.97665353000001,72.77243941877809,30
12.153134600001067,52.840466760000005,72.6574051845442,30
12.184930699999313,52.70427999,72.73534545950501,30
12.216292600000088,52.56809322,72.78153434428677,30
12.26526019999983,52.56809322,66.69132764800398,30
12.296947799999543,52.56809322,66.60719485850849,30
12.328299200000401,52.56809322,66.52395470347356,30
12.361086000000796,52.56809322,66.43690346126246,30
12.393505600000935,52.56809322,66.35082716067913,30
12.424366900000678,52.56809322,66.26888825535153,30
12.457077799999752,52.70427999,60.41905308542448,30
12.488886099999945,52.70427999,66.04848563282046,30
12.520147000001089,52.840466760000005,59.93696718818733,30
12.553025600000183,52.840466760000005,65.82806958249594,30
12.584834400000545,52.840466760000005,65.74259571907432,30
12.617198300000382,52.840466760000005,65.655630238819,30
12.665146999999706,52.97665353000001,61.57955653177248,30
12.69706270000097,56.381322780000005,0.0,30
12.728207800000746,56.381322780000005,64.08058364509066,30
12.761080800000855,56.381322780000005,63.978556207002434,30
12.79285979999986,56.381322780000005,63.879924200343694,30
12.823933300000135,56.381322780000005,63.78348184347175,30
12.856654499999422,56.381322780000005,63.681925544774074,30
12.889469899999312,56.381322780000005,63.58007687894444,30
12.919784400000935,56.381322780000005,63.4859902190083,30
12.952666600000157,56.381322780000005,63.383934227020546,30
12.984973300001002,56.24513601,69.1181381019736,30
13.01634170000034,56.24513601,63.23539289173171,30
13.064839000000575,56.10894924000001,66.98878991846192,30
13.097097500000018,56.10894924000001,63.035405977257916,30
13.130073500000435,56.10894924000001,62.93411554076979,30
13.16090670000085,52.56809322,100.0,30
13.192752200000541,52.43190645000001,69.93567312281775,30
13.22442140000021,52.43190645000001,63.982412720715,30
13.257004299999608,52.295719680000005,69.68185695150052,30
13.28918800000065,52.295719680000005,63.86059417386364,30
13.32038459999967,52.15953291,69.81910574624823,30
13.352952000001096,55.56420216000001,0.0,30
13.384890299999824,55.56420216000001,62.43167814096544,30
13.41597770000044,55.56420216000001,62.33818113176021,30
13.464729299999817,55.428015390000006,66.07459758764071,30
13.496793199999956,55.428015390000006,62.14448495908512,30
13.527936800001044,55.428015390000006,62.05131790730539,30
13.561424200001056,55.291828620000004,67.58163278676348,30
13.59351240000069,55.291828620000004,61.904263021794236,30
13.624446300000272,55.15564185,67.90343972901091,30
13.656888299999991,55.15564185,61.76476877093498,30
13.688857499999358,55.01945508000001,67.56570647092659,30
13.720128599999953,55.01945508000001,61.62668906092384,30
13.752825900000971,54.883268310000005,67.29580774767557,30
13.784886100000222,54.883268310000005,61.485181068266,30
13.816018200001054,54.883268310000005,61.39404360975136,30
13.864695800000845,54.883268310000005,61.251542694282925,30
13.896953600000415,54.883268310000005,61.15710981281474,30
13.927960099999837,54.74708154,67.1434134656647,30
13.960452999999688,54.74708154,61.020302222282616,30
13.99281929999961,54.74708154,60.92607028519483,30
14.025525000000926,54.74708154,60.83085021169421,30
14.059047599999758,54.61089477,66.35788464732717,30
14.089536200001021,54.61089477,60.69357814142317,30
14.12069160000101,54.61089477,60.60337081543293,30
14.152924100000746,54.61089477,60.510044854766164,30
14.185310099999697,54.61089477,60.416274450296115,30
14.216319900000599,54.47470800000001,66.40292062963655,30
14.264829600000667,54.47470800000001,60.235373717022036,30
14.29727670000102,54.47470800000001,60.141946270203746,30
14.32822269999997,54.47470800000001,60.052841056822295,30
14.360745600000882,54.47470800000001,59.959195353194595,30
14.392977900000915,54.47470800000001,59.866386396645275,30
14.424076200000854,54.47470800000001,59.776842654081165,30
14.456339399999706,54.338521230000005,65.52621875534157,30
14.488960500000758,54.338521230000005,59.63912175960571,30
14.519990500000858,54.338521230000005,59.55027184033873,30
14.552642599999672,54.338521230000005,59.45677727221811,30
14.586057800001072,54.338521230000005,59.36109767755473,30
14.616180600000007,54.338521230000005,59.27484539434518,30
14.664414799999577,54.20233446,63.060893657654574,30
14.696814000000813,54.20233446,59.09332113487854,30
14.728377100000216,54.20233446,59.00345046396326,30
14.760453200000484,54.20233446,58.9121191109775,30
14.79317699999956,54.06614769000001,64.57967653107525,30
14.824049900000318,54.06614769000001,58.780122962178375,30
14.85656100000051,54.06614769000001,58.68807391109967,30
14.888889400001062,53.929960920000006,64.42713248427778,30
14.9201936999998,53.929960920000006,58.556995356485885,30
14.952734700000292,53.65758738,70.0510193954381,30
14.984768300000724,53.52140061000001,64.35719670797818,30
15.016058999999586,53.385213840000006,64.45771462347403,30
15.06580700000086,53.1128403,65.95961273394731,30
15.097122900000613,52.840466760000005,70.39469840183526,30
15.128800800001045,52.56809322,70.27030256828951,30
15.161224499999662,52.43190645000001,64.19633487958731,30
15.193571100000554,52.15953291,70.00063342713622,30
15.22465320000083,52.02334614000001,64.4245075915734,30
15.256471099999544,51.887159370000006,64.25157137277282,30
15.288943499999732,51.61478583,69.903085078049,30
15.320542800000112,51.47859906000001,64.2739874230598,30
15.352448800000275,51.342412290000006,64.1850788557886,30
15.385381000000052,51.206225520000004,63.96842552899109,30
15.416666799999803,51.206225520000004,58.21437669014679,30
15.4643202999996,51.07003875,62.06686318366973,30
15.497189400000934,51.07003875,58.06284092634978,30
15.528536600000734,50.93385198000001,63.99669405219479,30
15.560839800000394,50.797665210000005,63.78924878309362,30
15.593842500000392,50.797665210000005,57.92198124761874,30
15.624876500000028,50.66147844,63.91777960015571,30
15.656821399999899,50.52529167,63.716957892814875,30
15.689524299999903,50.38910490000001,63.550952383265866,30
15.720605300000898,50.252918130000005,63.82322899554941,30
15.752473700000337,50.11673136,63.64727821818663,30
15.785142599999745,49.98054459000001,63.47482689436947,30
15.816290000000663,49.844357820000006,63.72967297049208,30
15.864661999999953,49.57198428,65.44174697208327,30
15.897179300000062,49.43579751000001,63.43531482133405,30
15.928834300000744,49.299610740000006,63.56809684528412,30
15.96057590000055,49.163423970000004,63.528490157975625,30
15.992855000000418,49.0272372,63.40623955614946,30
16.02448220000042,48.89105043000001,63.50337553293562,30
16.05650389999937,48.754863660000005,63.40797474110943,30
16.088954799999556,48.61867689,63.307753095463205,30
16.1219600000004,48.61867689,57.47527766183891,30
16.15248050000082,48.61867689,57.40842456442371,30
16.18537860000106,48.48249012,63.06683532694824,30
16.216902199999822,48.48249012,57.31641125574781,30
16.264529899999616,48.48249012,57.21284907990258,30
16.297279599999456,48.61867689,51.38542180982398,30
16.328534399999626,48.61867689,57.02458561931362,30
16.36079570000038,48.61867689,56.953919416870626,30
16.39334389999931,48.61867689,56.88262477932579,30
16.424846300000354,48.61867689,56.813620896163556,30
16.45657140000003,48.61867689,56.7441292036698,30
16.489344699999492,48.48249012,62.42444780138968,30
16.520647100000133,48.48249012,56.65286824105992,30
16.55238670000108,48.34630335000001,62.52169598958749,30
16.58620449999944,48.210116580000005,62.135399498325185,30
16.616712000000916,48.07392981,62.718356879273394,30
16.66443749999962,47.93774304,60.45521747990195,30
16.69723669999985,47.93774304,56.46937283389127,30
16.72873840000102,47.801556270000006,62.385208537438395,30
16.76017110000066,47.665369500000004,62.38097409737807,30
16.793327900000804,47.665369500000004,56.36529565171622,30
16.824387200000274,47.52918273,62.36757172750321,30
16.856578700000682,47.39299596000001,62.13809932553095,30
16.888839999999618,47.39299596000001,56.265489673462575,30
16.920445499999914,47.256809190000006,62.163645688709444,30
16.95238590000008,47.256809190000006,56.18454388980202,30
16.985040200001094,47.256809190000006,56.118248710466666,30
17.016582899999776,47.120622420000004,62.0288125991521,30
17.064815100000487,46.98443565,59.92995333825895,30
17.0972555999997,46.98443565,55.9896498494496,30
17.12982589999956,46.84824888000001,61.71222007863623,30
17.160275800000818,46.84824888000001,55.91280047249826,30
17.193122900000162,46.712062110000005,61.586985670171025,30
17.225347300000067,46.57587534,61.682177031945706,30
17.256574400000318,46.57587534,55.820613847855796,30
17.289176899999802,46.57587534,55.75703561541299,30
17.320515600000363,46.57587534,55.6959219231157,30
17.352392200000395,46.57587534,55.63375927042588,30
17.385172700000112,46.57587534,55.56983391965197,30
17.416914699999325,46.57587534,55.507933750825,30
17.464330400000108,46.57587534,55.41546825289891,30
17.497231100000135,46.712062110000005,49.62128563992684,30
17.528528599999845,46.712062110000005,55.24118065104645,30
17.56097779999982,46.57587534,60.98644883004519,30
17.59386489999997,46.57587534,55.1618340564607,30
17.625051000000894,46.57587534,55.10101794987763,30
17.656481100000747,46.57587534,55.03972601816925,30
17.689433699999427,46.43968857,60.69654055380225,30
17.72102310000082,46.43968857,54.962962480559106,30
17.752386000000115,46.43968857,54.902304091307286,30
17.785201000000598,46.43968857,54.838837223021116,30
17.816762700000254,46.30350180000001,60.748829482384636,30
17.86416140000074,46.30350180000001,54.73545243319394,30
17.897032000000763,46.167315030000005,60.40762961238253,30
17.928880400000708,46.03112826,60.57814600515362,30
17.960066300000108,46.03112826,54.650179530429895,30
17.99303520000103,46.03112826,54.58799968754685,30
18.024847900000168,46.03112826,54.52800045531355,30
18.056613099999595,45.89494149,60.40118765041102,30
18.088998000001084,45.758754720000006,60.276609856246566,30
18.122437300000456,45.758754720000006,54.44269542027086,30
18.15255160000015,45.758754720000006,54.38686437706384,30
18.185532100000273,45.622567950000004,60.04199676672004,30
18.217308299999786,45.48638118,60.24697073961632,30
18.265205900001092,45.48638118,54.2772198689287,30
18.29752560000088,45.35019441000001,60.05048236613756,30
18.329444999999396,45.214007640000005,60.11394773138126,30
18.360545300000013,45.214007640000005,54.20218748592552,30
18.393403399999443,45.077820870000004,59.88076338312089,30
18.425280999999814,44.9416341,60.047771148052895,30
18.4563188000011,44.80544733000001,60.20043293666893,30
18.489054900001065,44.669260560000005,59.87956830155202,30
18.521077600000353,44.53307379,60.000089658099654,30
18.55246299999999,44.39688702,60.11352454697306,30
18.586604199999783,44.39688702,54.09996627016922,30
18.617391300000236,44.39688702,54.04782057600688,30
18.664551600000777,44.260700250000006,57.980331458824494,30
18.69739110000046,44.124513480000005,59.702278320255495,30
18.729071199999453,43.98832671,59.9065201399258,30
18.760416999999507,43.98832671,53.95460565685295,30
18.792854600000283,43.85213994,59.71235074789612,30
18.825286700001016,43.715953170000006,59.709060123651604,30
18.856284699999378,43.579766400000004,59.97424805007808,30
18.888881500000934,43.44357963,59.67499292473052,30
18.92117959999996,43.171206090000005,65.56154087465951,30
18.952257799999643,43.03501932,60.001688298420575,30
18.985178700000688,42.89883255,59.66313771558168,30
19.017267999999603,42.76264578000001,59.81016688055768,30
19.06519610000032,42.49027224,61.81092543829744,30
19.097718999999415,42.35408547,59.75900657206642,30
19.129365700000562,42.217898700000006,59.92071216417148,30
19.16055210000013,42.081711930000004,60.01162906311287,30
19.193204700000933,41.94552516,59.744669718798264,30
19.22576950000075,41.80933839,59.762926704790466,30
19.256658800000878,41.673151620000006,60.079923314763164,30
19.289125200000854,41.536964850000004,59.789968616731606,30
19.3211124999998,41.40077808,59.881364736292156,30
19.352248600000166,41.26459131000001,60.04792197829447,30
19.385336800000005,41.128404540000005,59.69848521120304,30
19.41727499999979,40.99221777,59.90866080582704,30
19.46491950000018,40.856031,57.96651526405833,30
19.496914800000013,40.856031,54.00236512905094,30
19.529259400000228,40.71984423000001,59.78874989732584,30
19.5604801999998,40.583657460000005,60.00596210351754,30
19.593946799999685,40.583657460000005,53.97716068937375,30
19.625255000000834,40.44747069,59.957162514418805,30
19.656554600000163,40.44747069,53.948274472259584,30
19.68887739999991,40.31128392,59.74013805992063,30
19.721094900000026,40.31128392,53.918047054897166,30
19.752414200000203,40.31128392,53.88005385554687,30
19.785149200000888,40.175097150000006,59.59912209091625,30
19.81729819999964,40.038910380000004,59.71330167687255,30
19.864256099999693,40.038910380000004,53.84357053028337,30
19.89681650000057,39.90272361,59.59451112084584,30
19.92966080000042,39.76653684,59.55521632035092,30
19.960331599999336,39.76653684,53.82878952018054,30
19.992784399999437,39.630350070000006,59.5999295186907,30
20.025428900000406,39.630350070000006,53.80310134634264,30
20.05655669999942,39.494163300000004,59.82141733518282,30
20.088577599999553,39.35797653,59.666743289093894,30
20.12234840000019,39.22178976000001,59.37568760025451,30
20.152533599999515,39.085602990000005,60.048978823410174,30
20.18469709999954,38.81322945,65.54252406987202,30
20.217997699999614,38.81322945,53.88469552492262,30
20.26456280000093,38.540855910000005,61.962498283540945,30
20.296926500001064,38.540855910000005,53.90151918516243,30
20.32926100000077,38.40466914,59.69852891562296,30
20.360519899999417,38.26848237,59.91510518556177,30
20.39256310000019,37.996108830000004,65.6681981138722,30
20.4252706999996,37.85992206,59.73405317003546,30
20.456773699999758,37.72373529,59.97202008205539,30
20.48845210000036,37.587548520000006,59.95895502390785,30
20.521126800000275,37.31517498,65.56777365815137,30
20.552406700000574,37.17898821,60.123787162734146,30
20.584645700000692,36.90661467,65.81398490620639,30
20.617841900000712,36.7704279,59.870384849834124,30
20.664731500000926,36.498054360000005,62.27271359108174,30
20.69666099999995,36.36186759,60.17822485001617,30
20.72926610000104,36.22568082,60.081105814289536,30
20.76051390000066,36.089494050000006,60.35580513176163,30
20.792480800000703,35.81712051,66.14288757612783,30
20.8253265000003,35.68093374,60.16515917381879,30
20.856487400000333,35.544746970000006,60.50059466263181,30
20.888426499999696,35.408560200000004,60.382180114031826,30
20.921136200000547,35.27237343,60.27207965406974,30
20.952623400000448,35.13618666,60.52299046300897,30
20.984919399999853,34.999999890000005,60.403389486470694,30
21.017576899999767,34.72762635,66.14102910883173,30
21.064883900000495,34.59143958000001,58.667338629049205,30
21.0965400999994,34.31906604,66.60567670992927,30
21.131424700000935,34.18287927,60.18533296042212,30
21.1608281000008,33.910505730000004,67.62399384550413,30
21.19284990000051,33.77431896,60.780827308305405,30
21.225860900000043,33.63813219,60.6398427969447,30
21.25713309999992,33.501945420000006,60.989868681830295,30
21.288708000000042,33.365758650000004,60.96812917630926,30
21.32145490000039,33.22957188,60.79187865311431,30
21.35256389999995,33.501945420000006,42.95752157402401,30
21.38419840000097,33.501945420000006,54.961783528521494,30
21.417361899999378,33.365758650000004,60.6331256715805,30
21.46479349999936,33.365758650000004,54.97793607617242,30
21.496404200001052,33.22957188,60.92727460683059,30
21.529570099999546,33.22957188,55.00139014960269,30
21.56093569999939,33.09338511,60.997532473847485,30
21.593700499999613,32.957198340000005,60.77970304035819,30
21.625480900000184,32.82101157,60.99393415843345,30
21.657175399999687,32.6848248,61.04792989184745,30
21.688385800000106,32.548638030000006,61.17811526287971,30
21.72158230000059,32.548638030000006,55.17903564693955,30
21.752631200000906,32.412451260000005,61.23856759471832,30
21.784398800000417,32.27626449,61.14192543745419,30
21.81754229999933,32.27626449,55.248972332838306,30
21.864839300000313,32.14007772,59.23724160449131,30
21.896278600001096,32.14007772,55.27721451032196,30
21.92943000000014,32.003890950000006,60.95593019742189,30
21.96090650000042,31.867704180000004,61.2971088724522,30
21.992527100001098,31.731517410000002,61.31167078033619,30
22.025505900001008,31.595330640000004,61.11009044062603,30
22.05768790000002,31.459143870000002,61.29296629750287,30
22.08845839999958,31.322957100000004,61.60268098295032,30
22.12332790000073,31.18677033,60.93177612594513,30
22.15322600000036,31.050583560000003,61.867504727975096,30
22.184605200000078,30.91439679,61.61710009211501,30
22.2180184000008,30.778210020000003,61.29948519037948,30
22.265299500000765,30.778210020000003,55.700869792324035,30
22.296378999999433,30.64202325,61.76093907305543,30
22.329426800000874,30.505836480000003,61.44882848153248,30
22.361062600000878,30.369649710000004,61.74796904106438,30
22.3925049999998,30.369649710000004,55.83801020964653,30
22.425702500000625,30.233462940000003,61.515799686757035,30
22.457205500000782,30.097276170000004,61.86636866592633,30
22.488432199999806,30.097276170000004,55.9325123424804,30
22.521268800001053,29.961089400000002,61.67324904721867,30
22.55297960000098,29.824902630000004,61.92406463121226,30
22.58476940000037,29.824902630000004,56.03010258952291,30
22.61828030000106,29.688715860000002,61.65737238094455,30
22.665304100000867,29.688715860000002,56.0811178230323,30
22.69657560000087,29.552529090000004,62.10825408426034,30
22.729589000000487,29.552529090000004,56.132567932761944,30
22.761418699999922,29.552529090000004,56.13424356391769,30
22.792518399999608,29.416342320000002,62.1948893607379,30
22.82540019999942,29.280155550000003,61.9199909750781,30
22.85682749999978,29.14396878,62.234317686411686,30
22.88870400000087,29.007782010000003,62.20228900320998,30
22.92131049999989,29.007782010000003,56.34211962775255,30
22.95293590000074,28.87159524,62.304918424907186,30
22.984632699999565,28.735408470000003,62.34438602002199,30
23.017127099999925,28.735408470000003,56.45199992418989,30
23.065215700000408,28.735408470000003,56.459154328454616,30
23.09610319999956,28.5992217,62.5640471391383,30
23.129960899999787,28.5992217,56.517890090947354,30
23.161206000000675,28.5992217,56.523039203660595,30
23.192255300000397,28.463034930000003,62.5969201406477,30
23.226378100000147,28.463034930000003,56.58288950380622,30
23.257340100000874,28.463034930000003,56.58848803468839,30
23.28856099999939,28.463034930000003,56.594133379718,30
23.32116700000006,28.463034930000003,56.60002917772664,30
23.353301299999657,28.463034930000003,56.605839683214676,30
23.38442709999981,28.463034930000003,56.61146783231774,30
23.417480399999477,28.463034930000003,56.617444510852756,30
23.46513690000029,28.463034930000003,56.62606173154213,30
23.496529300000475,28.463034930000003,56.63173808710259,30
23.529263399999763,28.326848160000004,62.396592840716934,30
23.561558299999888,28.326848160000004,56.692604404867566,30
23.593227400000615,28.326848160000004,56.6988381946249,30
23.625606300000072,28.326848160000004,56.70521170240269,30
23.65784689999964,28.326848160000004,56.71155798701586,30
23.688378700000612,28.326848160000004,56.71756790905707,30
23.721696900000097,28.326848160000004,56.72412630995526,30
23.753631499999756,28.326848160000004,56.7304123611022,30
23.78468729999986,28.190661390000002,62.804029591626964,30
23.817196800000602,28.190661390000002,56.79200900363725,30
23.86500630000046,28.054474620000004,60.760764156179825,30
23.896379300000262,28.054474620000004,56.85819863580209,30
23.92953800000032,27.918287850000002,62.55160930835753,30
23.961338400000386,27.782101080000004,62.8487573158739,30
23.992687199999637,27.509727540000004,69.0014350142954,30
24.026258800000505,27.37354077,62.70239575887382,30
24.057249600000432,27.237354000000003,63.22420775294035,30
24.08828750000066,27.10116723,63.27370591374899,30
24.122309100001075,26.964980460000003,62.80575309601787,30
24.153463900000133,26.82879369,63.371011392202625,30
24.184816599999976,26.692606920000003,63.39340564051549,30
24.21794410000075,26.420233380000003,68.82661220086922,30
24.265781800000696,26.28404661,61.517966602119856,30
24.2973492000001,26.011673070000004,69.5642570615683,30
24.330087100001037,25.875486300000002,63.49510290957975,30
24.361557100000937,25.603112760000002,69.77727284505161,30
24.39299580000079,25.466925990000004,63.908297698322635,30
24.42562530000032,25.33073922,63.75730436019141,30
24.45733990000008,25.05836568,69.93104431339192,30
24.48846760000015,24.922178910000003,64.21492227850624,30
24.520947999999407,24.649805370000003,69.83635681004273,30
24.553084099999978,24.5136186,64.21187445350137,30
24.584516200000508,24.24124506,70.40646178355607,30
24.61917159999939,24.105058290000002,63.97855932424269,30
24.667889100001048,23.832684750000002,66.39002830636743,30
24.69860090000111,23.696497980000004,64.87347554713814,30
24.729661900000792,23.560311210000002,64.87664836650413,30
24.761992600000667,23.424124440000003,64.71338846860466,30
24.793020200000683,23.28793767,65.02877143227931,30
24.825686600001063,23.01556413,70.57169391269674,30
24.85773429999972,22.879377360000003,65.03489703874746,30
24.88871199999994,22.607003820000003,71.39355303060341,30
24.921128500000123,22.334630280000003,70.98327227183275,30
24.953522100000555,22.062256740000002,71.11780766979233,30
24.98548959999971,21.381322890000003,89.08622830525297,30
25.017309099999693,21.789883200000002,42.11291001634645,30
25.065486800000144,21.653696430000004,63.71158855780364,30
25.09678309999981,21.51750966,65.88370779135397,30
25.12873860000036,21.381322890000003,65.84096667494369,30
25.16172860000006,21.381322890000003,60.024938549017506,30
25.193081999999777,21.24513612,66.06710809515425,30
25.225625400000354,21.108949350000003,65.93121175098196,30
25.257777000000715,20.97276258,66.08341771015417,30
25.2894682999995,20.836575810000003,66.25009093827498,30
25.32160610000028,20.836575810000003,60.38649316695859,30
25.35330149999936,20.70038904,66.36671707998984,30
25.38447939999969,20.564202270000003,66.54728152564437,30
25.416798800000834,20.564202270000003,60.58779001265601,30
25.465440699999817,20.4280155,64.53347190593503,30
25.49674260000029,20.291828730000002,66.74606824661701,30
25.52869389999978,20.291828730000002,60.81094213404612,30
25.561057099999744,20.15564196,66.67227890436527,30
25.592861499999344,20.15564196,60.93332438568885,30
25.627149399999325,20.15564196,60.97303525204645,30
25.657536500000788,20.019455190000002,67.20817491921376,30
25.688846099999864,20.019455190000002,61.093544309574035,30
25.72102950000044,20.019455190000002,61.13133347026156,30
25.75370230000044,19.88326842,66.93934571228853,30
25.785151600000972,19.88326842,61.25571775073818,30
25.81675080000059,19.88326842,61.293327235978055,30
25.865497299999333,19.88326842,61.35134550138414,30
25.896500799999558,19.747081650000002,67.46590269692986,30
25.928687499999796,19.747081650000002,61.47563306269295,30
25.961258299999827,19.610894880000004,67.30248389467259,30
25.992826499999865,19.610894880000004,61.602092724256764,30
26.024741400000494,18.92996103,91.16858716912,30
26.057280299999547,18.92996103,61.92636420987571,30
26.088588399999935,18.793774260000003,67.98614241529498,30
26.122186200000215,18.793774260000003,62.06000073661281,30
26.153430399999706,18.793774260000003,62.101192449349284,30
26.18461489999936,18.65758749,68.18497120965763,30
26.21733409999979,18.65758749,62.234531559504134,30
26.265539699999863,18.65758749,62.29885718309154,30
26.296729600000617,18.65758749,62.34047703155674,30
26.328800799999954,19.20233457,38.87544917864798,30
26.36117700000068,19.20233457,62.23008176367838,30
26.392806600000768,19.20233457,62.270261274088455,30
26.424850999999762,19.20233457,62.31096771057013,30
26.45723519999956,19.066147800000003,68.17273427901928,30
26.488557000000583,19.066147800000003,62.44098092213039,30
26.52053110000088,19.066147800000003,62.48211034373408,30
26.553216000000248,18.92996103,68.29168477860945,30
26.5850776999996,18.92996103,62.61423901283605,30
26.618324700000812,18.793774260000003,68.3283892571664,30
26.66523419999976,18.793774260000003,62.76798161795725,30
26.696807599999374,18.793774260000003,62.80960734122488,30
26.72900169999957,18.793774260000003,62.85205138264822,30
26.761380300000383,18.92996103,57.07311197903013,30
26.792960599999788,18.92996103,62.88728281858713,30
26.824411300000065,18.521400720000003,80.90405001234394,30
26.857702600000266,19.20233457,34.802059357557184,30
26.888655500000823,18.793774260000003,81.17776877145097,30
26.920493100000385,18.793774260000003,63.1028925984506,30
26.953554699999586,19.47470811,34.63460145320845,30
26.9845822999996,18.92996103,87.23381925762584,30
27.01798939999935,19.066147800000003,57.53577359235757,30
27.06602650000059,19.747081650000002,43.49258597525459,30
27.09710620000078,19.88326842,56.9233087902201,30
27.12943660000019,20.019455190000002,57.1458680190711,30
27.16141890000108,20.019455190000002,62.96506982975566,30
27.193268700000772,20.15564196,57.08499965736989,30
27.225025300000198,20.15564196,62.99067028448822,30
27.25759310000103,20.291828730000002,57.240297303375286,30
27.289653499999986,20.291828730000002,63.01641867560232,30
27.32049790000019,20.291828730000002,63.051647230651994,30
27.35344729999997,20.4280155,57.36765363455255,30
27.384979899999962,20.4280155,63.07619551236103,30
27.416356600000654,20.4280155,63.111529310721956,30
27.465378999999302,20.564202270000003,59.30487048575747,30
27.4972558999998,20.564202270000003,63.15326920734437,30
27.528415500000847,20.564202270000003,63.18785928769232,30
27.561020999999528,20.564202270000003,63.22405445273621,30
27.59277110000039,20.564202270000003,63.25930004350274,30
27.626296599999478,20.70038904,57.672365933175115,30
27.657400000000052,20.70038904,63.28194278665209,30
27.688836700001048,20.70038904,63.316336796049214,30
27.720928700000513,20.70038904,63.35144775074607,30
27.753533299999617,20.70038904,63.387119526687016,30
27.785158099999535,20.70038904,63.421719331003146,30
27.81647730000077,20.70038904,63.4559847869549,30
27.86523440000019,20.836575810000003,59.62672149711731,30
27.89689610000096,20.836575810000003,63.494614347808145,30
27.92870640000001,20.836575810000003,63.52890743869079,30
27.96142520000103,20.836575810000003,63.56417993791397,30
27.992925200000172,20.70038904,69.58077317333183,30
28.025066700000025,20.70038904,63.68187423213767,30
28.057058700000198,20.564202270000003,69.60825927611903,30
28.088949299999513,20.564202270000003,63.80085583238023,30
28.12236920000032,20.4280155,69.47972150897999,30
28.153547300000355,20.4280155,63.921666581173056,30
28.185157899999467,20.291828730000002,69.9191379538507,30
28.217071600000054,20.15564196,69.94800351982857,30
28.265440900000613,20.15564196,64.14688262061722,30
28.297205900000336,20.019455190000002,70.11680545439835,30
28.328622500001075,20.019455190000002,64.26913522061393,30
28.361369599999307,19.88326842,70.06425536592718,30
28.393103500000507,19.88326842,64.39394666520269,30
28.42472280000038,19.747081650000002,70.39182735304983,30
28.457244999999602,19.747081650000002,64.51938170900706,30
28.488862000000154,19.747081650000002,64.55751894659265,30
28.52017490000071,19.610894880000004,70.6133780967106,30
28.553412400000525,19.610894880000004,64.68448144084465,30
28.58488750000106,19.47470811,70.71028051961132,30
28.617304800000056,19.47470811,64.81166337843848,30
28.665268200000355,19.47470811,64.8710550002079,30
28.697311300000365,19.338521340000003,70.79279963365583,30
28.728480100000525,19.338521340000003,64.9984070746679,30
28.760970900000757,19.338521340000003,65.03916001241481,30
28.793121900000187,19.338521340000003,65.07948674187264,30
28.824725899999976,19.338521340000003,65.11912737382187,30
28.856999600000563,19.338521340000003,65.15960800486134,30
28.88884180000059,19.338521340000003,65.19954740907166,30
28.920428600000378,19.338521340000003,65.23916646720524,30
28.952812300000005,19.338521340000003,65.27978507032027,30
28.98537320000105,19.47470811,59.531318085889595,30
29.01659749999999,19.47470811,65.31070242776285,30
29.06517370000074,19.610894880000004,61.47397159968649,30
29.097465299999385,19.610894880000004,65.36147698835306,30
29.128909900000508,19.747081650000002,59.40682149713925,30
29.161425399999644,19.88326842,59.59323874241886,30
29.193644200000563,19.88326842,65.38032143935068,30
29.2248610000006,19.88326842,65.41747579069032,30
29.25753110000005,19.88326842,65.4563598650887,30
29.28943000000072,20.019455190000002,59.58589126269517,30
29.32054530000096,20.019455190000002,65.48228406941521,30
29.352968000001056,20.15564196,59.70657906922364,30
29.384993800000302,20.291828730000002,59.62364226335733,30
29.41665439999997,20.4280155,59.543905147641794,30
29.46528010000111,20.564202270000003,61.60966170019695,30
29.497294000000693,20.564202270000003,65.48931996423502,30
29.528710799999317,20.70038904,59.525847258328724,30
29.561198800000057,20.836575810000003,59.708982176479196,30
29.59325809999973,20.97276258,59.6180264196404,30
29.626204000000143,20.97276258,65.48355546854351,30
29.656917399999656,21.24513612,53.24697555029846,30
29.690009199999622,21.24513612,65.45314196511193,30
29.721305799999755,21.381322890000003,59.46417943126438,30
29.753894400000718,21.51750966,59.68542447802994,30
29.786044000000402,21.653696430000004,59.59060442496602,30
29.817277100000865,21.789883200000002,59.40209639460097,30
29.865364499999487,21.789883200000002,65.43331695636165,30
29.89723530000083,21.92606997,59.550499948695645,30
29.928504699999394,22.062256740000002,59.41883383232865,30
29.961546599999565,22.19844351,59.72176929668469,30
29.993064700000104,22.334630280000003,59.428621381283854,30
30.025023100000908,22.47081705,59.490572117718784,30
30.057773599999564,22.607003820000003,59.61245342584285,30
30.08939680000003,22.607003820000003,65.34744407584864,30
30.121758499999487,22.74319059,59.550949899237004,30
30.153291599999648,22.879377360000003,59.377521587434344,30
30.18533120000029,23.01556413,59.4494931032248,30
30.216821199999686,23.01556413,65.30949295607184,30
30.265184199999567,23.151750900000003,61.43539149499252,30
30.297914200000378,23.28793767,59.56711070423619,30
30.32870240000011,23.28793767,65.30248347003837,30
30.361180400001103,23.28793767,65.32812986537489,30
30.393008500001088,23.28793767,65.3532630643214,30
30.424456900000223,23.28793767,65.37809643149468,30
30.45705640000051,23.28793767,65.40383876983925,30
30.489603899999565,23.424124440000003,59.63786892369318,30
30.520776499999556,23.424124440000003,65.40506878610567,30
30.552873900000122,23.424124440000003,65.42990037530605,30
30.58532809999997,23.424124440000003,65.45500799655292,30
30.617848800000502,23.560311210000002,59.68376355078997,30
30.665200299999924,23.560311210000002,65.46745409078495,30
30.69742849999966,23.560311210000002,65.49187051175674,30
30.728734500000428,23.696497980000004,59.49618393669882,30
30.761164699999426,23.696497980000004,65.49107062416212,30
30.793444299999464,23.696497980000004,65.51500880343329,30
30.82476769999994,23.696497980000004,65.53823787580697,30
30.857120300001043,23.696497980000004,65.56223019103746,30
30.88945969999986,23.696497980000004,65.58621271729842,30
30.921330099999977,23.832684750000002,59.69617294491739,30
30.953869200000554,23.832684750000002,65.58488017395715,30
30.98616899999979,23.832684750000002,65.60831582679329,30
31.01760060000015,23.832684750000002,65.63112154279496,30
31.06620010000006,23.832684750000002,65.66638371191164,30
31.099040799999784,23.832684750000002,65.690211823668,30
31.12988840000071,23.832684750000002,65.71259380883406,30
31.161314400000265,23.832684750000002,65.73539546166273,30
31.193821200000457,23.96887152,59.96012023316395,30
31.22517499999958,23.96887152,65.73264148206341,30
31.25761590000002,24.105058290000002,59.94511869887143,30
31.289520399999674,24.105058290000002,65.72920054939367,30
31.3203553000003,24.24124506,59.639965171649855,30
31.352677000000767,24.377431830000003,59.89213446911419,30
31.385586200000034,24.377431830000003,65.69710821936332,30
31.417237300000124,24.5136186,59.76373644171503,30
31.465308700000605,24.649805370000003,61.763218128018046,30
31.497935499999585,24.78599214,59.89448630951132,30
31.52874410000004,24.922178910000003,59.5267151805706,30
31.560901799999556,24.922178910000003,65.61316093821151,30
31.593587800000023,25.194552450000003,54.09801076974578,30
31.62587750000057,25.194552450000003,65.55376290272672,30
31.657251000000542,25.33073922,59.56494063952664,30
31.689966199999617,25.466925990000004,59.778668064784625,30
31.72183419999965,25.466925990000004,65.5093077096067,30
31.75305060000028,25.603112760000002,59.48941460163682,30
31.785594900000433,25.603112760000002,65.4942239799887,30
31.817045800000415,25.194552450000003,83.4861866923237,30
31.86492840000028,25.875486300000002,45.92021959417058,30
31.89740239999992,25.33073922,88.67353898850308,30
31.928788999999597,25.466925990000004,59.66237843787804,30
31.96041680000053,25.603112760000002,59.67609085168838,30
31.99332289999984,25.739299530000004,59.87410793106864,30
32.02467179999985,25.875486300000002,59.55908520142824,30
32.05648889999975,25.875486300000002,65.53718995218755,30
32.09144809999998,26.147859840000002,54.763120190321914,30
32.1221416999997,26.147859840000002,65.47081150130475,30
32.15285679999943,26.28404661,59.350468984106044,30
32.18657879999955,26.28404661,65.45091561309138,30
32.2173999000006,26.420233380000003,59.35105559023546,30
32.264959800000724,26.420233380000003,65.4358597751439,30
32.29794860000038,26.55642015,59.734901549832955,30
32.32880429999932,26.692606920000003,59.307125048406675,30
32.36079880000034,26.692606920000003,65.37754792379225,30
32.393807899999956,26.964980460000003,53.967657720853914,30
32.42488830000002,26.964980460000003,65.3042999549461,30
32.45673480000005,27.10116723,59.39759538224087,30
32.48997439999948,27.237354000000003,59.60632863925398,30
32.521082499999466,27.237354000000003,65.23994312833698,30
32.5525458000011,27.237354000000003,65.25016924126597,30
32.58646159999989,27.37354077,59.70119854677136,30
32.6173517999996,27.509727540000004,59.12235947451235,30
32.664732499999445,27.509727540000004,65.18744850157631,30
32.69803090000096,27.645914310000002,59.5350310622691,30
32.729516800000056,27.782101080000004,59.17203284899676,30
32.76090859999931,27.782101080000004,65.11694533097182,30
32.79406419999941,28.054474620000004,53.75290028842096,30
32.82522020000033,28.054474620000004,65.03553347568129,30
32.85640129999956,28.054474620000004,65.0426703723195,30
32.88938580000104,28.190661390000002,59.33463000667033,30
32.921166000000085,28.190661390000002,65.00839048552845,30
32.953140800000256,28.326848160000004,59.12067054539795,30
32.985782499999914,28.326848160000004,64.97304376857186,30
33.017080100000385,28.326848160000004,64.97920443175165,30
33.06484900000032,28.463034930000003,61.02670672500994,30
33.09757469999931,28.463034930000003,64.94569349981309,30
33.130002500000046,28.5992217,59.138688557228136,30
33.16172920000099,28.5992217,64.90820007880716,30
33.19464340000013,28.735408470000003,59.18593145868283,30
33.226320300000225,28.735408470000003,64.8697437315098,30
33.25709470000038,28.87159524,58.75178557677852,30
33.290156000000934,29.007782010000003,59.127725151520835,30
33.32168129999991,29.007782010000003,64.78523659573084,30
33.352965199999744,29.007782010000003,64.78888841318697,30
33.385628399999405,29.14396878,59.021371486136,30
33.4171237999999,29.14396878,64.74728387843776,30
33.464703100000406,29.14396878,64.75207556858201,30
33.49738629999956,29.416342320000002,53.219710825981025,30
33.52914210000017,29.552529090000004,58.72552991236603,30
33.56119000000035,29.552529090000004,64.6134808827452,30
33.594617599999765,29.552529090000004,64.61524063316766,30
33.62599190000037,29.688715860000002,58.610485027888096,30
33.65665760000047,29.688715860000002,64.56944672234954,30
33.68992849999995,29.824902630000004,58.90385273049271,30
33.722298200000296,29.824902630000004,64.52273297957602,30
33.75284780000038,29.961089400000002,58.35613374564899,30
33.785833199999615,29.961089400000002,64.4749579060432,30
33.81743670000105,30.097276170000004,58.51190004184234,30
33.8645190999996,30.097276170000004,64.42599148569201,30
33.89760709999973,30.233462940000003,58.72774761397325,30
33.92963840000084,30.233462940000003,64.37613698531213,30
33.960285700000895,30.233462940000003,64.37529521957555,30
33.99336439999934,30.505836480000003,52.975480003570766,30
34.0250503999996,30.64202325,58.327505131586555,30
34.0561361,30.64202325,64.22438766263288,30
34.08943910000016,30.64202325,64.22187221553936,30
34.122775800000454,30.778210020000003,58.56362997466588,30
34.152610600000116,30.64202325,70.48183461421775,30
34.18528739999965,30.64202325,64.2140984679431,30
34.2176029000002,30.91439679,52.545861105345196,30
34.26460760000009,31.050583560000003,60.08392683315314,30
34.297471800000494,30.64202325,81.26554943609413,30
34.33019869999953,30.64202325,64.19985816609334,30
34.3608777999998,30.64202325,64.19754090780047,30
34.39324350000061,30.64202325,64.19509625698836,30
34.42513940000026,30.778210020000003,58.2837011927275,30
34.456361200000174,30.778210020000003,64.14125165268494,30
34.48901730000034,31.18677033,46.82054026901511,30
34.52114029999939,31.322957100000004,58.120451236628,30
34.552112400000624,30.91439679,82.18591408717336,30
34.58518910000021,31.459143870000002,41.27755654287674,30
34.61814340000092,31.459143870000002,63.876695922191196,30
34.66471260000071,31.459143870000002,63.86870166775466,30
34.69703350000054,31.595330640000004,58.03122140666063,30
34.72946480000064,31.595330640000004,63.8084826702644,30
34.76035039999988,31.595330640000004,63.80268587685103,30
34.793522800000574,31.595330640000004,63.79645988318945,30
34.825204400000075,31.595330640000004,63.79051369175376,30
34.85626279999997,31.731517410000002,57.717684126076854,30
34.88904080000066,31.731517410000002,63.7294437919899,30
34.92127590000018,31.731517410000002,63.72287724647669,30
34.952146800000264,31.867704180000004,57.61303719784284,30
34.9846794999994,31.867704180000004,63.66087966074192,30
35.01731500000096,31.867704180000004,63.65370866547495,30
35.06419989999995,31.867704180000004,63.643406650921186,30
35.097118699999555,31.867704180000004,63.63617340617296,30
35.13034289999996,32.003890950000006,57.95416440501331,30
35.160052299999734,32.003890950000006,63.573270773056336,30
35.194019300000946,32.003890950000006,63.565262989067975,30
35.22565070000019,32.003890950000006,63.55780582716276,30
35.256435299999794,32.003890950000006,63.55054829994646,30
35.28931879999982,32.14007772,57.80980164771784,30
35.322067700000844,32.14007772,63.48595785912854,30
35.35347630000069,32.003890950000006,69.47795150429175,30
35.38583789999939,32.003890950000006,63.518989833639495,30
35.41809749999993,32.003890950000006,63.511384572405184,30
35.464393300000665,31.867704180000004,67.58685838353576,30
35.497127500000715,31.867704180000004,63.542085236952616,30
35.529472300000634,31.867704180000004,63.53497811716896,30
35.56067939999957,31.731517410000002,69.56644620871761,30
35.59294829999999,31.731517410000002,63.570113471390584,30
35.62617069999942,31.731517410000002,63.56334580503753,30
35.65643199999977,31.731517410000002,63.55718133823755,30
35.68912369999998,31.731517410000002,63.5505217796831,30
35.721761500000866,31.731517410000002,63.54387320098597,30
35.752993199999764,31.731517410000002,63.53751105601043,30
35.7851026999997,31.731517410000002,63.530970096213224,30
35.81777150000016,31.731517410000002,63.52431520257033,30
35.864746999999625,31.867704180000004,59.48676763693054,30
35.896847800000614,31.867704180000004,63.458873855976236,30
35.92993469999965,32.003890950000006,57.75355067347421,30
35.960838400000284,32.003890950000006,63.39572203312631,30
35.99300930000027,32.003890950000006,63.38813768308357,30
36.02626170000076,32.003890950000006,63.3802983673863,30
36.05640180000046,32.003890950000006,63.37319278225435,30
36.08856229999947,32.003890950000006,63.365610884031355,30
36.121945799999594,32.003890950000006,63.35774066126317,30
36.15291780000007,32.003890950000006,63.35043895414502,30
36.18544640000073,32.003890950000006,63.3427702756559,30
36.21766750000097,32.003890950000006,63.3351740908689,30
36.264677799999845,32.14007772,59.29905810899497,30
36.29691190000085,32.14007772,63.267156504413066,30
36.32979650000016,32.6848248,40.32766030942412,30
36.36299080000026,32.6848248,63.054021032710104,30
36.39334880000024,32.82101157,56.8385895302637,30
36.426286699999764,32.82101157,62.98494823550633,30
36.45696669999961,32.957198340000005,56.833541762903025,30
36.48935139999958,32.957198340000005,62.91494174890021,30
36.522040100000595,33.09338511,57.136703233875,30
36.55307410000023,33.09338511,62.84368537697655,30
36.58543800000007,33.09338511,62.83190725858114,30
36.618920799999614,33.09338511,62.81972194152707,30
36.665688000000955,33.09338511,62.80270206386582,30
36.69670489999953,33.09338511,62.79141415602889,30
36.73000769999999,33.09338511,62.779294345953275,30
36.76154210000095,33.09338511,62.76781810555141,30
36.79371279999941,33.09338511,62.75611029798041,30
36.82623160000003,33.09338511,62.744275807190185,30
36.85739459999968,33.09338511,62.73293472952173,30
36.889247400000386,33.09338511,62.72134261455302,30
36.92212140000083,33.09338511,62.70937885665803,30
36.953194100000474,32.957198340000005,68.76230145980826,30
36.98501690000012,32.957198340000005,62.73556307334138,30
37.018054199999824,32.957198340000005,62.724069208786425,30
37.065077799999926,32.957198340000005,62.70770943092041,30
37.09713159999956,32.82101157,68.5766772404197,30
37.13036180000017,32.82101157,62.73410865335139,30
37.161440899999434,32.82101157,62.72379400621221,30
37.193008199999895,32.6848248,68.68330192922426,30
37.22605560000011,32.6848248,62.751450613387924,30
37.25706209999953,32.548638030000006,68.81873027078815,30
37.28880519999984,32.548638030000006,62.78070170669069,30
37.321460499999375,32.412451260000005,68.54362442546959,30
37.35319879999952,32.412451260000005,62.81049157593125,30
37.38484240000071,32.27626449,68.75721848837894,30
37.41765579999992,32.27626449,62.84129617943327,30
37.46508349999931,32.14007772,66.81864142013687,30
37.496989600000234,32.14007772,62.86938792204227,30
37.52925780000078,32.14007772,62.86126363311454,30
37.560981300001,32.14007772,62.85327648540267,30
37.592851999999766,32.14007772,62.84525227658053,30
37.625351200000296,32.14007772,62.8370698278936,30
37.65855620000002,32.14007772,62.82870967722395,30
37.68846180000037,32.14007772,62.8211802291929,30
37.72178019999956,32.14007772,62.81279152736886,30
37.75306389999969,32.14007772,62.80491510979599,30
37.785078599999906,32.14007772,62.796854645539156,30
37.817648800000825,32.14007772,62.78865432090882,30
37.865189800000735,32.003890950000006,66.75733999586414,30
37.89666960000068,32.003890950000006,62.818090937852176,30
37.92968160000055,32.003890950000006,62.81030829690616,30
37.96101540000018,31.867704180000004,68.81702861726893,30
37.992935500000385,31.867704180000004,62.84447544238486,30
38.026697799999965,31.867704180000004,62.837056855463025,30
38.057055400000536,31.867704180000004,62.830386382943516,30
38.08972139999969,31.867704180000004,62.82320868591501,30
38.12213049999991,32.003890950000006,56.99989323614765,30
38.15369769999961,32.003890950000006,62.76006023431685,30
38.18478330000107,32.003890950000006,62.7527317457853,30
38.2177542999998,32.14007772,57.027048596884555,30
38.26536130000022,32.27626449,58.70917297296534,30
38.296829400000206,32.412451260000005,56.6384730298132,30
38.32966690000103,32.412451260000005,62.5692327243939,30
38.361216799999966,32.548638030000006,56.5870282816362,30
38.39235849999932,32.6848248,56.45146623212557,30
38.425279499999306,32.6848248,62.44340601607706,30
38.45724379999956,32.82101157,56.53686333712095,30
38.488289500000974,32.82101157,62.37442810442643,30
38.5213875999998,32.957198340000005,56.667301911896374,30
38.55314879999969,32.957198340000005,62.303797266274685,30
38.58438980000028,33.09338511,56.26110214002632,30
38.61748400000033,33.09338511,62.23231798865929,30
38.66533750000053,33.09338511,62.21490277638141,30
38.696641500000624,33.09338511,62.20351038491274,30
38.7301494000003,33.09338511,62.19131593327434,30
38.761382599999706,33.09338511,62.17994930788424,30
38.79272200000014,33.09338511,62.168544033376286,30
38.82549459999973,33.09338511,62.15661717774632,30
38.85747059999994,33.09338511,62.14498022689008,30
38.88882130000093,33.09338511,62.13357083999935,30
38.921321499999976,33.09338511,62.12174311826417,30
38.95362010000099,33.09338511,62.109988764344536,30
38.98464319999948,33.09338511,62.09869860015613,30
39.016976000000795,33.09338511,62.0869317999104,30
39.06520439999986,32.957198340000005,65.9940060308368,30
39.09644070000104,32.957198340000005,62.107351497683425,30
39.129720000000816,32.957198340000005,62.09577343995216,30
39.161774800000785,32.957198340000005,62.08462139273464,30
39.19298189999972,32.82101157,68.11208948978928,30
39.22578760000033,32.957198340000005,56.364968666515004,30
39.257773799999995,32.957198340000005,62.05172279399471,30
39.289294000000154,32.957198340000005,62.04075673715743,30
39.321683699999994,32.957198340000005,62.029488176325344,30
39.3535824999999,32.957198340000005,62.01839040239503,30
39.38478810000015,32.957198340000005,62.007533796686864,30
39.4176067999997,32.957198340000005,61.99611598431514,30
39.46549059999961,33.09338511,58.0269441339631,30
39.497227899999416,33.09338511,61.919073744882105,30
39.529398700000456,33.09338511,61.90736590091739,30
39.56211819999953,33.09338511,61.89545836984636,30
39.592550700001084,33.09338511,61.88438314133285,30
39.625420599999416,33.09338511,61.87242087554201,30
39.65837930000089,33.09338511,61.860426292973834,30
39.68941780000023,33.09338511,61.84913052429917,30
39.7214268000007,33.22957188,55.949200912445164,30
39.7538282000005,32.82101157,79.22928604575321,30
39.78558630000043,32.82101157,61.91180706098939,30
39.81765439999981,32.957198340000005,56.02364487828293,30
39.86591009999938,33.365758650000004,50.068495104539664,30
39.89659990000109,33.365758650000004,61.67712653491962,30
39.92914279999968,33.365758650000004,61.66424047054711,30
39.96155060000092,33.501945420000006,55.83498236088234,30
39.99249899999995,33.501945420000006,61.59007220414482,30
40.02520589999949,33.09338511,78.86764990485376,30
40.05724929999997,33.501945420000006,44.06466945869793,30
40.08840229999987,33.501945420000006,61.552132747557195,30
40.12095059999956,33.09338511,78.91331298716128,30
40.15347180000026,33.09338511,61.672649913155276,30
40.184353500000725,33.09338511,61.66141120833729,30
40.21709689999989,32.957198340000005,67.40680903047077,30
40.26612209999985,32.957198340000005,61.68102936619828,30
40.29681100000016,32.957198340000005,61.670352523358595,30
40.329271399999925,32.957198340000005,61.65905936559448,30
40.361605600000985,32.82101157,67.4773633931484,30
40.39288680000027,32.82101157,61.68601236919081,30
40.42469990000063,32.82101157,61.675454119405096,30
40.45732350000071,32.82101157,61.664626877869175,30
40.4886176,32.82101157,61.654240875731446,30
40.52100840000094,32.82101157,61.6434908967239,30
40.55334320000111,32.82101157,61.63275950320458,30
40.58449560000008,32.82101157,61.62242052898924,30
40.618784100000994,32.6848248,67.11113443777322,30
40.66698180000094,32.6848248,61.64443221305746,30
40.699185900000884,32.6848248,61.634260169958466,30
40.73063499999989,32.6848248,61.62432660247434,30
40.761929399999644,32.6848248,61.614441898801346,30
40.79278720000002,32.6848248,61.60469510036436,30
40.825034600000436,32.548638030000006,67.43962184600787,30
40.85808990000078,32.548638030000006,61.63318067275453,30
40.888627800000904,32.548638030000006,61.6240241958961,30
40.92127740000069,32.548638030000006,61.61423454739919,30
40.95375419999982,32.548638030000006,61.604496711214416,30
40.98473430000013,32.412451260000005,67.67741790183933,30
41.017150600000605,32.412451260000005,61.63456960356014,30
41.066040699999576,32.548638030000006,57.7485138417682,30
41.09670770000048,32.412451260000005,67.7064561069259,30
41.12854719999996,32.412451260000005,61.60216995028579,30
42.334764400000495,32.548638030000006,61.0374658448055,30
45.36401409999962,32.003890950000006,60.917368699126065,30
48.393885900000896,38.40466914,52.515967112649776,30
51.423202399999354,45.214007640000005,44.50490273179667,30
54.45314710000093,44.260700250000006,43.275014175626914,30
57.483439600000565,39.35797653,43.45803176106854,30
60.51310960000046,13.346303460000001,68.13809506232727,30
63.5431492000007,-2.58754863,80.81196765048456,30
66.57562280000093,-2.58754863,85.22022847716583,30
69.60426899999948,-2.58754863,96.83154086840317,30
72.63418120000097,-2.58754863,100.0,30
75.66373030000068,28.326848160000004,84.12719610454137,30
77.17809309999939,60.33073911,52.42699896883447,30
80.1076549999998,60.33073911,70.98023767935088,30
83.0354000999996,60.33073911,60.53309970185968,30
86.06529620000038,60.33073911,49.72145403838559,30
88.9953426000011,49.708171050000004,51.65299446758211,30
92.02503969999998,51.887159370000006,37.11941138968932,30
94.95477000000028,49.163423970000004,33.73878625477432,30
97.88344429999961,20.4280155,59.36978151568524,30
100.81243069999982,-2.58754863,76.04035071905865,30
103.8434744999995,-2.58754863,76.87555750204355,30
106.87323540000034,-2.58754863,88.49114346275529,30
109.9034974999995,-2.58754863,100.0,30
112.73074610000003,5.03891049,100.0,30
114.2449990999994,54.338521230000005,39.297599901506985,30
115.76032339999983,60.33073911,71.03405573861353,30
118.78957629999968,60.33073911,65.6523306969277,30
121.71920219999993,60.33073911,55.19848141895047,30
124.74936270000035,44.669260560000005,62.59068734162031,30
